time,x,y,theta,right_vel,left_vel
0.0,0.0,0.0,0.0,0.1148251706598807,0.1136342051963321
0.05,0.005711484392819882,2.0237680833730176e-07,0.00011909654635490052,0.1148342326535387,0.1136251431987583
0.1,0.011422968720148745,1.0900366378562872e-06,0.00024000549183290053,0.1148434075205259,0.1136159683274747
0.15,0.01713445289683292,2.6735525368707557e-06,0.0003627494111381,0.1148527707312764,0.1136066051121813
0.2,0.02284593683393231,4.963312268258533e-06,0.0004873659730476,0.1148623895548805,0.11359698628397
0.25,0.02855742043833256,7.970319146254285e-06,0.0006139063001386006,0.1148722667999608,0.1135871090342155
0.3,0.034268903612795394,1.1705544879798383e-05,0.0007424220767132004,0.1148823683482562,0.113577007481072
0.35,0.039980386255396745,1.618058314382565e-05,0.0008729581634316008,0.1148926132244731,0.1135667625994523
0.4,0.04569186825979668,2.1406918058796266e-05,0.0010055432259337008,0.1149031690431462,0.1135562067753701
0.45,0.05140334951467928,2.7396470713726576e-05,0.0011402394527113002,0.1149139852008311,0.113545390612174
0.5,0.057114829903623376,3.416143557078495e-05,0.0012770989115770005,0.1149251066761739,0.1135342691311624
0.55,0.0628263093048147,4.171432844912883e-05,0.0014161826660781,0.114936388430952,0.113522987370245
0.6000000000000001,0.06853778759070112,5.0068041295963837e-05,0.0015575227721488002,0.1149480297644326,0.1135113460304207
0.65,0.07424926462833027,5.9235456059318116e-05,0.0017011911455500003,0.1149599625392956,0.113499413248961
0.7000000000000001,0.07996074027778785,6.923028612837944e-05,0.0018472460745835003,0.1149721109126773,0.1134872648685687
0.75,0.08567221439350974,8.006607922304458e-05,0.0019957306789943003,0.1149846907557717,0.1134746850185532
0.8,0.09138368682261272,9.175704123048152e-05,0.0021467312527162,0.1149975614647434,0.1134618143021392
0.8500000000000001,0.09709515740509699,0.00010431770554061013,0.0023003059689766002,0.1150107314478801,0.113448644311127
0.9,0.10280662597353239,0.0001177629424835891,0.002456514682651901,0.1150242094072509,0.1134351663435361
0.95,0.10851809235271087,0.00013210796909639538,0.0026154189890234,0.1150381674232804,0.1134212083191189
1.0,0.11422955635928374,0.000147368359231095,0.0027771148994396007,0.115052424448067,0.1134069512855373
1.05,0.11994101780030894,0.0001635604265724065,0.0029416622156925006,0.1150670402049886,0.1133923355192612
1.1,0.12565247647503008,0.00018070042799385325,0.0031091326842653004,0.1150821765094173,0.1133771992054461
1.15,0.1313639321718293,0.0001988054966371533,0.003279630414662401,0.1150976361572637,0.1133617395474799
1.2000000000000002,0.13707538466934202,0.0002178930785052515,0.0034532200756408,0.1151135863609652,0.1133457893331179
1.25,0.142786833735706,0.0002379810453319273,0.0036299997784255003,0.1151299396781987,0.1133294360046165
1.3,0.14849827912709906,0.0002590879637129573,0.003810050145783701,0.1151467615252965,0.1133126141455954
1.35,0.1542097205888828,0.00028123262619564413,0.0039934648837538006,0.1151641115604389,0.1132952640982349
1.4,0.15992115785275518,0.00030443466962684737,0.0041803496299742,0.1151819800228948,0.1132773956231461
1.4500000000000002,0.165632590637964,0.0003287140930866223,0.0043708080699491,0.1152004353060017,0.1132589403268526
1.5,0.17134401864878301,0.0003540917176416123,0.004564957567864001,0.1152193939392472,0.1132399816795595
1.55,0.17705544157506167,0.0003805888828273213,0.0047628987938328005,0.1152388724871593,0.1132205031163243
1.6,0.18276685909103463,0.000408227559456161,0.0049647357309163,0.1152590143170883,0.1132003612705741
1.65,0.18847827085497607,0.000437030274636115,0.005170601035567701,0.115279803301749,0.1131795722693982
1.7000000000000002,0.19418967650634653,0.00046702051426537644,0.0053806241388028005,0.1153012541573949,0.113158121396597
1.75,0.1999010756671175,0.0004982222836742273,0.005594937414882601,0.1153234531557715,0.1131359223802172
1.8,0.20561246793834415,0.0005306605805809521,0.0058136904924381,0.1153462907583841,0.1131130847582493
1.85,0.2113238529006018,0.0005643611192055612,0.0060370110924515006,0.1153698651323525,0.1130895103636365
1.9,0.21703523011287096,0.0005993503558836769,0.0062650465693231,0.1153943078087679,0.1130650676658711
1.95,0.22274659911025643,0.000635655687693356,0.0064979705836128,0.1154196202371231,0.1130397552152694
2.0,0.2284579594020439,0.0006733055542863442,0.0067359570857982,0.1154457308321002,0.1130136445964561
2.0500000000000003,0.23416931047096395,0.0007123293393337467,0.0069791657093626,0.1154728213483975,0.1129865540548862
2.1,0.2398806517723211,0.0007527573055049592,0.0072277924387137,0.1155007677855721,0.1129586075905423
2.15,0.2455919827291217,0.0007946210746741132,0.0074820084582167,0.1155298118278535,0.112929563519861
2.2,0.2513033027360175,0.0008379528643876197,0.007742033289016,0.115559975092791,0.1128994002251822
2.25,0.257014611147808,0.0008827868034817664,0.0080080907757768,0.1155911599265621,0.1128682153592559
2.3000000000000003,0.2627259072870932,0.0009291576657988263,0.0082803852325075,0.1156235782562892,0.1128357969953708
2.35,0.2684371904342381,0.000977101913319436,0.008559163358599301,0.1156572038863947,0.1128021713287624
2.4000000000000004,0.2741484598296621,0.0010266571371191752,0.0088446666143625,0.1156921671842562,0.1127672079922334
2.45,0.2798597146673748,0.0010778625564958429,0.0091371625335648,0.1157284769234017,0.1127308982118704
2.5,0.28557095409415917,0.0011307588175904829,0.0094369204047179,0.1157663675403901,0.1126930075515642
2.5500000000000003,0.29128217720493876,0.0011853882147232191,0.0097442564036005,0.1158057168861386,0.1126536581591984
2.6,0.2969933830367124,0.001241795004530161,0.0100594622762946,0.1158466841738731,0.1126126908213914
2.6500000000000004,0.3027045705711885,0.001300024812674039,0.010382861611542699,0.1158894438273181,0.112569931114643
2.7,0.3084157387219061,0.001360125590736244,0.0107148128828102,0.112761025450159,0.1156983494347064
2.75,0.31412688633605773,0.0014221470576636938,0.0104210804843555,0.1024873980472844,0.1259718679509618
2.8000000000000003,0.3198380860849142,0.0014788926869929002,0.008072633493987801,0.0951871549021444,0.1332720789292649
2.85,0.3255494584838174,0.0015140888915861018,0.0042641410912757005,0.0951132707212003,0.1333459660728977
2.9000000000000004,0.33126092405228613,0.0015273311736883454,0.00044087155610600046,0.0953231518023121,0.1331360880307484
2.95,0.33697239875786006,0.0015188545425008396,-0.0033404220667376996,0.0955409917771179,0.1329182511703706
3.0,0.3426838012987567,0.0014889034001807904,-0.0070781480060628,0.0957666331101764,0.1326926130410586
3.0500000000000003,0.3483950532115614,0.0014377315477654019,-0.0107707459991511,0.096000601653895,0.1324586477666016
3.1,0.35410607896878793,0.0013656017764844927,-0.0144165506104217,0.0962430124015124,0.1322162403553579
3.1500000000000004,0.3598168060988609,0.0012727874336216265,-0.018013873405806298,0.0964937831973391,0.1319654729785712
3.2,0.3655271652722139,0.0011595710740061318,-0.021561042383929502,0.09675318709002,0.1317060725768462
3.25,0.3712370904154056,0.0010262455743611492,-0.0250563309326121,0.0970217528526029,0.1314375103546831
3.3000000000000003,0.37694651879640734,0.0008731135954292758,-0.0284979066828201,0.0972992742800102,0.1311599925388066
3.35,0.3826553911647104,0.0007004892792261785,-0.0318839785086998,0.0975857639721473,0.1308735065294847
3.4000000000000004,0.38836365178193516,0.0005086960319978153,-0.035212752764433496,0.0978823081580562,0.1305769660495919
3.45,0.39407124857199205,0.00029806872060245257,-0.0384822185535871,0.0981883240600617,0.1302709539132027
3.5,0.3997781332264712,6.895390656493907e-05,-0.041690481538901196,0.0985042153909838,0.1299550664056721
3.5500000000000003,0.40548426122410663,-0.00017829176883393067,-0.04483556664037,0.098830379126688,0.1296289065377772
3.6,0.4111895920093709,-0.0004432990982890172,-0.0479154193814789,0.0991668426140854,0.1292924469612373
3.65,0.4168940889997929,-0.0007256879384700782,-0.0509279798161941,0.0995143007490108,0.1289449927589206
3.7,0.42259771973196475,-0.001025065567660769,-0.0538710490171851,0.0998724579832622,0.1285868394967138
3.75,0.4283004559290021,-0.0013410267917888675,-0.056742487168530295,0.1002419735173387,0.12821732795228
3.8,0.43400227352623394,-0.0016731545614626867,-0.059540022612024394,0.1006232348100891,0.1278360706568503
3.85,0.4397031528450243,-0.0020210178990116554,-0.0622613061967005,0.1010161634428626,0.1274431460393611
3.9,0.44540307857530154,-0.002384173134425372,-0.0649040044563504,0.1014214680385496,0.1270378454571156
3.95,0.45110203987922326,-0.002762162893839591,-0.067465642198207,0.1018392866887642,0.1266200308164647
4.0,0.4568000304679023,-0.003154515539009103,-0.06994371661097701,0.1022701036942578,0.126189217804379
4.05,0.4624970486127369,-0.0035607454550504606,-0.0723356280219891,0.1027142758998395,0.1257450495679574
4.1000000000000005,0.46819309726254127,-0.003980351698821674,-0.07463870538880091,0.1031721964958307,0.1252871329088166
4.15,0.47388818401747845,-0.004412818574723677,-0.0768501990300995,0.1036442733056242,0.1248150599931011
4.2,0.47958232124014627,-0.0048576141980100455,-0.0789672776988472,0.1041309737798502,0.1243283633554428
4.25,0.48527552600947277,-0.005314191034040074,-0.08098701665640651,0.1046329277146063,0.1238264131827333
4.3,0.49096782022761365,-0.005781984322949915,-0.0829063652032192,0.1051503959119135,0.1233089486661523
4.3500000000000005,0.49665923058015693,-0.006260412245539516,-0.084722220478643,0.1056840638691724,0.1227752842905211
4.4,0.5023497885543943,-0.006748875184576472,-0.0864313425207779,0.1062344746842414,0.1222248769419892
4.45,0.5080395304519347,-0.007246754919349034,-0.0880303827465527,0.106802140580045,0.1216572143817587
4.5,0.5137284973537521,-0.007753414206743522,-0.0895158901267241,0.1073877570546155,0.1210716010905612
4.55,0.5194167350962837,-0.008268196041131045,-0.09088427453031861,0.1079919825255288,0.1204673786298441
4.6000000000000005,0.5251042942397942,-0.00879042281300382,-0.09213181414075021,0.108615466405343,0.1198438975648572
4.65,0.5307912300013721,-0.00931939564758913,-0.09325465725670161,0.1092589597659036,0.1192004067993644
4.7,0.536477602181572,-0.009854393577842051,-0.0942488019600477,0.1099232223652867,0.1185361465478577
4.75,0.5421634750747159,-0.010394672645212585,-0.09511009437830481,0.110609067370322,0.1178503036146794
4.800000000000001,0.5478489173494581,-0.010939465045910774,-0.0958342180027405,0.1113173607076889,0.1171420120408742
4.8500000000000005,0.5535340019178125,-0.011487978102796205,-0.096416683136059,0.1120489553385256,0.1164104188310724
4.9,0.5592188057690347,-0.012039393283814662,-0.09685282948531371,0.1128048413347677,0.1156545338747706
4.95,0.564903409771875,-0.012592865195116744,-0.09713779873931401,0.1135860178218627,0.1148733580055109
5.0,0.5705878984683196,-0.013147520279054645,-0.0972665327576788,0.1143935008740772,0.1140658751035635
5.050000000000001,0.5762723598005312,-0.01370245577769527,-0.0972337701806274,0.1152284149635735,0.1132309606473753
5.1000000000000005,0.5819568848232473,-0.014256738382919418,-0.0970340247490076,0.1160919267719887,0.1123674479017871
5.15,0.5876415673610708,-0.014809402943816989,-0.0966615768619874,0.1169852804227397,0.1114740926843185
5.2,0.5933265036271279,-0.015359451010954383,-0.0961104580881453,0.1179097036604973,0.1105496671853156
5.25,0.5990117917839606,-0.015905849357692826,-0.0953744544406272,0.1188665834525423,0.1095927843673684
5.300000000000001,0.6046975314338369,-0.016447528551724395,-0.0944470745321098,0.1198573574383011,0.1086020065145159
5.3500000000000005,0.6103838230771492,-0.016983381104460144,-0.0933215394397313,0.1208834972475062,0.1075758619127438
5.4,0.6160707674626035,-0.017512259917796664,-0.091990775906255,0.1219465591010114,0.1065127942485626
5.45,0.6217584648862758,-0.018032976347167468,-0.0904473994210101,0.1230481586699916,0.105411187750386
5.5,0.6274470143774649,-0.018544298447764968,-0.08868370232904961,0.1241900867500658,0.1042692515140859
5.550000000000001,0.6331365128091753,-0.01904494889531598,-0.0866916188054516,0.1253740361226106,0.1030852926349943
5.6000000000000005,0.6388270538989094,-0.019533602828353754,-0.08446274445669,0.1266018366438395,0.1018574811252732
5.65,0.644518727057108,-0.020008885988634532,-0.0819883089048333,0.1278756097343127,0.100583695428045
5.7,0.6502116161500429,-0.02046937225073713,-0.0792591174742065,0.1291971401393848,0.0992621506359036
5.75,0.6559057981115386,-0.020913581101216515,-0.07626561852385841,0.1305686991404328,0.0978905753045872
5.800000000000001,0.6616013413244438,-0.02133997594158709,-0.0729978061402739,0.131992425691842,0.0964668302905147
5.8500000000000005,0.6672983039687097,-0.021746960471195537,-0.0694452466001411,0.1334703140795598,0.0949889210892432
5.9,0.672996731999948,-0.022132877310034868,-0.0655971073011095,0.1350047105412405,0.0934545012489892
5.95,0.6786966570546437,-0.02249600473703053,-0.061442086371884294,0.1365981361398265,0.091861049492672
6.0,0.6843980940413819,-0.022834554546761095,-0.0569683777071689,0.1382529296442863,0.0902062267937048
6.050000000000001,0.6901010385677698,-0.023146668434896028,-0.052163707422110794,0.1399711060575999,0.0884880178434539
6.1000000000000005,0.695805463971814,-0.023430416330416898,-0.047015398600696194,0.1417554876653712,0.0867036000789929
6.15,0.701511318131777,-0.023683793595291734,-0.0415102098420583,0.1436080497292471,0.0848509978854919
6.2,0.7072185199727086,-0.02390471760940728,-0.0356345046576828,0.1455311250388517,0.0829278781361715
6.25,0.712926955518994,-0.024091027019364893,-0.0293741799674148,0.1475272412398149,0.0809317128631314
6.300000000000001,0.7186364737191512,-0.024240477649009336,-0.0227146271297464,0.1495984365915378,0.0788604634124799
6.3500000000000005,0.7243468817613233,-0.024350741474895122,-0.0156408298118407,0.1517463427832663,0.076712497632917
6.4,0.730057940032759,-0.02441940385875489,-0.0081374452968057,0.1539726518062667,0.0744861230985897
6.45,0.7357693566003685,-0.02444396369651168,-0.0001887924260380999,0.1562791902372189,0.0721795128467801
6.5,0.741480781292966,-0.02442183080117714,0.008221175313005799,0.1586667340190613,0.0697918904591098
6.550000000000001,0.7471917992855576,-0.0243503260822681,0.017108659669000898,0.1611359102192426,0.0673226284059537
6.6000000000000005,0.7529019242396451,-0.024226681721573655,0.026489987850329803,0.1636870840099404,0.0647713610790795
6.65,0.7586105909937906,-0.0240480421461053,0.036381560143415904,0.1663194528838943,0.0621388904609595
6.7,0.7643171477978967,-0.023811465321520734,0.046799616385709404,0.1690312818190734,0.0594269510772054
6.75,0.770020848223672,-0.023513926980601327,0.057760049459896205,0.1718215315512656,0.0566365819760447
6.800000000000001,0.7757208427252411,-0.02315232470618575,0.06927854441741829,0.174685985732648,0.0537719990155115
6.8500000000000005,0.7814161697648996,-0.02272348131013572,0.0813699430891319,0.1776208817230438,0.0508369646224656
6.9,0.7871057472909776,-0.02222415696888467,0.0940483347991897,0.1806205588255801,0.0478371392630287
6.95,0.7927883634221333,-0.021651052448841777,0.1073266767554449,0.1836771136971923,0.044780426069513
7.0,0.7984626683025734,-0.02100082649082748,0.1212163455182128,0.186783066337194,0.0416743053712874
7.050000000000001,0.8041271654519901,-0.020270105118336157,0.1357272216148034,0.1899272275485148,0.0385299665358241
7.1000000000000005,0.8097802042723068,-0.019455499046943978,0.1508669477160725,0.1930977905409125,0.0353592168654989
7.15,0.8154199734307174,-0.01855362240043256,0.1666408050836139,0.1962799863291603,0.0321768259093449
7.2,0.8210444952686433,-0.017561112447808724,0.1830511211255954,0.1994580427478319,0.0289985668785646
7.25,0.8266516225260636,-0.01647465583554232,0.2000970687125222,0.2026138946325817,0.0258425061827727
7.300000000000001,0.8322390360556545,-0.015291011264615184,0.2177742075575031,0.2057265976240437,0.0227295895234129
7.35,0.8378042462542183,-0.014007041307987599,0.23607390836756612,0.2087749079559949,0.0196810627827289
7.4,0.8433445965433736,-0.012619741672971672,0.2549832928848927,0.2117356151494513,0.0167201387858294
7.45,0.8488572703266011,-0.011126273410487292,0.2744848405212549,0.2145831945863476,0.0138723444236706
7.5,0.8543393014225508,-0.009523995850802994,0.2945559255375226,0.2172923125284632,0.0111630162197102
7.550000000000001,0.8597875891604031,-0.007810502636206888,0.3151688551683979,0.2198368525515578,0.0086182735361752
7.6,0.8651989160239224,-0.005983652348552188,0.3362907130699362,0.2221905891798912,0.0062643449091463
7.65,0.8705699710923979,-0.00404160368285752,0.3578833374970107,0.2243290007294435,0.0041257554034696
7.7,0.8758973756799794,-0.001982843106672859,0.37990366202960807,0.2262281634355502,0.0022264318099709
7.75,0.8811777135297524,0.0001937875459073141,0.402303835192166,0.2278666754134693,0.000587778832484
7.800000000000001,0.8864075635260192,0.0024890691314786786,0.42503172485026447,0.22922538822686,-0.0007710526770012
7.85,0.891583534869226,0.004903387937892082,0.4480313689406506,0.2302896371314849,-0.0018353955469796
7.9,0.8967023039799009,0.0074367238024825475,0.47124387220849706,0.231047856358773,-0.0025936822262396
7.95,0.901760650409012,0.010088647623449146,0.4946080260669984,0.231493700876605,-0.0030395663143088
8.0,0.9067554942734813,0.012858321253807663,0.5180613527860898,0.2316340796319098,-0.0031799564571895
8.05,0.911683928593386,0.015744510636296685,0.5415427563949997,0.2315788887211701,-0.0031247580046022
8.1,0.9165432414722818,0.018745616181909334,0.565013121067577,0.230749924456576,-0.0022957395391463
8.15,0.9213308182686739,0.021859886569589513,0.5883176874671492,0.2289116070393,-0.0004572410226104
8.200000000000001,0.9260450304794569,0.02508414254217606,0.6112545722733402,0.2267292691699522,0.0017252857930153
8.25,0.9306847649598605,0.02841468923205041,0.6337549706110339,0.2244333149878765,0.0040214347416158
8.3,0.9352491672125316,0.031847758558038466,0.65579615863566,0.222042830362269,0.0064121180480481
8.35,0.9397376311920025,0.03537954008627837,0.6773592298670821,0.2195755925968701,0.008879556345942
8.4,0.9441497880805677,0.03900620777366563,0.6984288334921749,0.2170492683889354,0.0114060811824586
8.450000000000001,0.9484854927186566,0.04272394492260752,0.7189931522128226,0.2144798102122795,0.0139757383332254
8.5,0.9527448080058729,0.04652896717252292,0.739043559400728,0.2118823257259882,0.0165734187588805
8.55,0.9569279899369851,0.05041754093726103,0.7585744500974387,0.2092714143829779,0.019184522004151
8.6,0.9610354699760101,0.05438600153591632,0.7775831393353214,0.2066584168717829,0.0217977061024994
8.65,0.965067838157483,0.058430767527518225,0.7960692104122498,0.2040554714966137,0.0244008322412615
8.700000000000001,0.969025828475959,0.06254835047596417,0.814034674337785,0.2014726609175976,0.0269838171911473
8.75,0.972910299091002,0.06673536785525998,0.83148355871043,0.1989173063674337,0.029539338942181
8.8,0.9767222199308833,0.07098854710751415,0.8484213554529553,0.196397985493141,0.0320588198665785
8.85,0.9804626567191962,0.07530473206411838,0.8648552720156115,0.19392060579659,0.034536352307469
8.9,0.984132756151306,0.07968088719445549,0.8807936973645236,0.1914905133817751,0.0369665900818521
8.950000000000001,0.9877337343220707,0.08411409836589163,0.8962460896945159,0.1891115534650836,0.039345687859166
9.0,0.991266863001214,0.08860157495998587,0.9112226762551077,0.1867869821819772,0.0416703895962693
9.05,0.9947334610905508,0.09314064748495139,0.9257343355136785,0.1845200156789562,0.0439374794715808
9.1,0.9981348824024393,0.0977287680141623,0.9397925891344159,0.1823119546754538,0.0461456568667197
9.15,1.0014725077935198,0.1023635071566099,0.9534092189152895,0.1801643813970588,0.0482933397899654
9.2,1.004747737056612,0.10704255137048686,0.9665963230759986,0.1780773550607097,0.0503804691722999
9.25,1.0079619812770482,0.11176370006542263,0.9793660116648397,0.176051706702703,0.0524062144001853
9.3,1.011116658322724,0.11652486077570576,0.9917305608950915,0.1740873826523652,0.0543706294770178
9.35,1.014213184486183,0.12132404719481175,1.0037022362126262,0.1721833032877205,0.0562747942090411
9.4,1.017252972409609,0.12615937327745547,1.0152930871204944,0.1703390305021523,0.0581191470582076
9.45,1.0202374254029665,0.13102905007774893,1.0265150754648886,0.1685536892714275,0.0599045633731395
9.5,1.0231679348934544,0.13593138088839796,1.0373799880547174,0.166825772278486,0.0616325506939941
9.55,1.026045876239881,0.14086475771782744,1.0478993102131666,0.1651537504632979,0.0633046383526655
9.6,1.028872608094837,0.14582765597972241,1.0580842214242299,0.1635368242948885,0.0649216262660133
9.65,1.03164946887983,0.15081863123023187,1.0679457412271174,0.1619730540139314,0.0664854543737864
9.7,1.034377775289978,0.15583631500031508,1.0774945011911319,0.1604603213233904,0.0679982411266724
9.75,1.0370588215654823,0.16087941053694468,1.0867407092108037,0.158997369386189,0.0694612436863573
9.8,1.0396938788897039,0.1659466888081137,1.0956943217807869,0.1575828392850156,0.070875821266543
9.85,1.0422841934039215,0.17103698550433535,1.104365023582634,0.1562144380271798,0.072244266987482
9.9,1.0448309862362792,0.1761491972277153,1.112762040686604,0.1548905214409234,0.0735682252134061
9.95,1.047335453818501,0.18128227782871803,1.1208942703093554,0.1536095218786329,0.0748492638042888
10.0,1.0497987669793944,0.18643523559525285,1.1287702961167898,0.1523695827212148,0.0760892395508297
10.05,1.0522220714498023,0.1916071299643315,1.1363983304338288,0.151169333787131,0.0772895228194613
10.1,1.0546064878631818,0.19679706870133523,1.1437863115305955,0.1500066515475519,0.078452237233222
10.15,1.0569531115474629,0.20200420536160363,1.1509417529620285,0.1488800578897363,0.0795788610645563
10.2,1.0592630143591093,0.2072277360192959,1.1578718726445465,0.1477882227769297,0.0806707245262569
10.25,1.061537243379076,0.21246689759263387,1.1645836224696138,0.1467294548895225,0.0817295190458055
10.3,1.0637768226653264,0.2177209649554336,1.1710836160539855,0.1457021518265949,0.0827568471182976
10.35,1.0659827528996357,0.22298924913300738,1.1773781465248152,0.144704760248944,0.0837542621906298
10.4,1.068156013153108,0.2282710947341638,1.1834731963306466,0.1437362969031026,0.0847227476594176
10.45,1.0702975605995217,0.23356587838755996,1.1893745512550151,0.1427949263668281,0.0856641390049716
10.5,1.072408331235656,0.23887300686402738,1.1950876299912008,0.1418795092217861,0.0865795757446973
10.55,1.0744892415390146,0.24419191495208487,1.2006176233389096,0.1409889103868386,0.0874701930463481
10.6,1.076541187846302,0.24952206434637433,1.2059694950729587,0.1401214407369132,0.088337680069208
10.65,1.0785650481225222,0.25486294168600954,1.2111478711397292,0.1392760431919304,0.0891830939829929
10.7,1.0805616826280826,0.2602140571305127,1.2161571660606232,0.1384518415172071,0.0900073111206841
10.75,1.082531934445646,0.26557494306852725,1.2210016191002753,0.1376474461357827,0.0908117210978236
10.8,1.0844766298470094,0.270945152955402,1.2256851916040712,0.1368615543280046,0.0915976266707404
10.85,1.0863965800035753,0.2763242597363125,1.2302115843697974,0.1360933302567342,0.0923658637479004
10.9,1.0882925812465156,0.2817118548737605,1.234584331020681,0.1353416585088623,0.0931175477934104
10.95,1.0901654158458636,0.28710754724394294,1.2388067420922262,0.1346054931531307,0.0938537247812479
11.0,1.092015852934345,0.2925109620432681,1.2428819189294145,0.1338838731539133,0.0945753557852497
11.05,1.0938446491963656,0.2979217398327076,1.2468127706662806,0.1331756161794381,0.0952836231608075
11.1,1.09565254966277,0.3033395355956106,1.2506019699681439,0.1324798173094735,0.0959794318728649
11.15,1.0974402889292336,0.30876401770459955,1.2542520085118047,0.1317957878835299,0.0966634706321936
11.2,1.0992085913962755,0.3141948672593215,1.2577652402369384,0.1311223217992587,0.0973369455540419
11.25,1.1009581720589894,0.3196317772759957,1.26114377786146,0.1304584143308063,0.098000861385642
11.3,1.1026897379080285,0.3250744517218444,1.2643895331559765,0.1298033534915427,0.0986559301527873
11.35,1.1044039883186043,0.33052260491415564,1.2675042754898518,0.1291561867972396,0.0993031043639153
11.4,1.1061016158467807,0.33597596081664716,1.2704895837331844,0.1285159463009678,0.0999433519822402
11.45,1.1077833071701493,0.3414342523213619,1.2733468431650572,0.1278817078007559,0.100577597227162
11.5,1.10944974394533,0.3468972205857742,1.2760772542224166,0.1272525450199852,0.1012067663939848
11.55,1.1111016036783616,0.3523646143917598,1.2786818320850166,0.1266276564583558,0.1018316610043036
11.6,1.11273956060938,0.3578361895239148,1.2811614316304218,0.1260059847295981,0.1024533384542871
11.65,1.114364286330251,0.36331170824824294,1.2835166962579532,0.1253866131370244,0.1030727154540071
11.7,1.1159764512480168,0.36879093855829453,1.2857480860262547,0.1247686787683314,0.1036906549289888
11.75,1.1175767249113935,0.3742736537773436,1.2878558884101892,0.1241510171819758,0.1043083213244654
11.8,1.1191657773719763,0.3797596318689665,1.28984015799594,0.12353275746324,0.1049265855669662
11.85,1.1207442801852427,0.38524865486988674,1.2917007751855674,0.1229128376284741,0.1055465096461497
11.9,1.122312907140596,0.39074050841155694,1.2934374079837998,0.1222901269484748,0.1061692242948501
11.95,1.123872335692313,0.396234981049915,1.2950494982491623,0.1216636007301739,0.1067957542100593
12.0,1.1254232478499069,0.40173186375893705,1.2965362829011737,0.1210320277732123,0.1074273305910244
12.05,1.126966331384291,0.40723094933938003,1.2978967526193925,0.1203941776091757,0.1080651839035765
12.1,1.1285022811784833,0.4127320317914053,1.2991296519899524,0.1197487850770529,0.1087105793060983
12.15,1.1300318004374963,0.41823490572874733,1.300233472567048,0.1190945184897139,0.1093648484800567
12.2,1.1315556021190674,0.4237393657302266,1.3012064395680134,0.1184299248521873,0.110029444411545
12.25,1.1330744102918913,0.4292452057080957,1.3020464876120779,0.1177534613287583,0.1107059099245227
12.3,1.1345889618338536,0.4347522181760898,1.3027512427525014,0.117063548408475,0.1113958245159021
12.35,1.1361000079866774,0.44026019354796303,1.3033180151417587,0.1200501765225101,0.1084091977352528
12.4,1.1376083161315376,0.4457689193619832,1.3044821130204844,0.130666306468942,0.0977928800116015
12.45,1.1391065333289065,0.4512803933172064,1.3077694556662185,0.1378318615315077,0.0906272982889611
12.5,1.1405785896177172,0.4567989114696405,1.3124899119904732,0.1373928828371716,0.0910662890199085
12.55,1.1420247073853418,0.4623242837788769,1.3171225713721995,0.1367701340375728,0.0916890486236745
12.6,1.143445570533178,0.46785620448998827,1.3216306799135893,0.1361939038876498,0.0922652885141246
12.65,1.1448418123664237,0.47339439104911013,1.3260235414509418,0.1356603242368929,0.0927988769799474
12.7,1.146214019490364,0.4789385818599414,1.3303096861766364,0.1351657792742047,0.0932934299257184
12.75,1.147562735765439,0.4844885341864942,1.334496921111485,0.1347070769895966,0.0937521394378206
12.8,1.1488884657440377,0.4900440223293567,1.3385924148666626,0.1342813431781158,0.0941778797960384
12.85,1.1501916777718142,0.4956048360073969,1.3426027612048703,0.1338863253618381,0.0945729035679752
12.9,1.1514728067923037,0.5011707789180693,1.3465341033842566,0.1335197581525482,0.0949394762045929
12.95,1.1527322561273243,0.50674166762405,1.3503921315790524,0.133179477566315,0.0952797617355346
13.0,1.1539704003633604,0.5123173302631232,1.3541821031621304,0.1328639575083811,0.0955952863123299
13.05,1.1551875869523665,0.5178976056247878,1.3579089702817353,0.1325713018700169,0.095887946066715
13.1,1.1563841377165698,0.5234823423015319,1.3615773058620655,0.1323000756084562,0.0961591760787676
13.15,1.1575603513095765,0.5290713976899276,1.3651913958150343,0.1320491976345591,0.0964100574834277
13.2,1.158716503722479,0.5346646374602939,1.3687553098301475,0.1318172723578383,0.0966419858874969
13.25,1.1598528499805745,0.5402619348086101,1.3722728384771814,0.131603202321449,0.0968560587679538
13.3,1.1609696253749353,0.5458631698469295,1.3757475528325311,0.1314060683299853,0.0970531953472795
13.35,1.1620670465137495,0.5514682290633033,1.3791828401308017,0.1312250616387978,0.0972342043946029
13.4,1.1631453121725654,0.5570770048492342,1.3825819258552212,0.1310591938486682,0.0974000743187231
13.45,1.1642046041135168,0.5626893950567191,1.385947837808216,0.1309079812587013,0.097551288844542
13.5,1.1652450883530825,0.568305302495173,1.3892835070496317,0.1307705426644512,0.0976887291772632
13.55,1.1662669148606875,0.5739246347415244,1.3925916883983505,0.1306463100251256,0.0978129633697135
13.6,1.1672702197311418,0.5795473035106219,1.3958750230638917,0.1305348347627321,0.0979244400174671
13.65,1.1682551241887953,0.5851732246223136,1.3991360625384184,0.1304355915763423,0.0980236844312067
13.7,1.1692217365016937,0.59080231745622,1.4023772532529317,0.1303482115822239,0.0981110655032244
13.75,1.1701701511643945,0.596434504902637,1.4056009678608317,0.1302720494831571,0.0981872285261691
13.8,1.1711004504686389,0.602069712908768,1.4088094499565305,0.1302070176687712,0.0982522611310358
13.85,1.1720127043144803,0.6077078703395539,1.4120049256103038,0.1301527705255549,0.0983065089364114
13.9,1.1729069705309652,0.6133489087560805,1.4151895517692183,0.1301088545848719,0.0983504254062886
13.95,1.1737832952730785,0.6189927621896983,1.4183653946870767,0.1300751868124837,0.0983840935850775
14.0,1.1746417135911473,0.6246393668988188,1.4215345040098173,0.1300514724974878,0.0984078081857587
14.05,1.1754822489960028,0.6302886612852555,1.4246988704409902,0.1300375454968376,0.0984217353558407
14.1,1.1763049145104787,0.6359405855886339,1.4278604514550899,0.1300333817515335,0.0984258991602109
14.15,1.1771097119471756,0.6415950818511299,1.4310211997142224,0.1300386082009422,0.098420672645734
14.2,1.1778966326424365,0.6472520936681126,1.4341829932697432,0.1300531572087992,0.0984061234527066
14.25,1.1786656575259387,0.6529115660422645,1.4373476966453522,0.1300771698178138,0.0983821105536709
14.3,1.1794167571674006,0.6585734452418772,1.4405172025717665,0.130110471958148,0.0983488080144956
14.35,1.1801498913756518,0.6642376787170442,1.443693368966132,0.1301529921425316,0.0983062873158126
14.4,1.180865009961065,0.6699042148627365,1.4468780394488037,0.1302046833076865,0.0982545955190673
14.45,1.1815620521044101,0.6755730029652922,1.4500730482276656,0.1302657091848172,0.0981935689006833
14.5,1.1822409470667672,0.6812439929775986,1.453280262256079,0.1303361560518674,0.0981231211800499
14.55,1.182901613081583,0.686917135516148,1.4565015657432607,0.1304157503987036,0.0980435258467327
14.6,1.1835439582422456,0.6925923816128993,1.4597387881984578,0.1305048165750537,0.0979544585618501
14.65,1.1841678802121185,0.6982696826110021,1.4629938239997782,0.1306035662849114,0.0978557076301578
14.7,1.184773265757541,0.7039489900723058,1.4662686098652535,0.1307121131263733,0.0977471594434476
14.75,1.1853599907144272,0.7096302556302096,1.469565105233546,0.1308303189711031,0.0976289521053759
14.8,1.1859279197453083,0.7153134308610009,1.4728852419201186,0.1309584304752553,0.0975008389628373
14.85,1.1864769068802377,0.7209984670742364,1.4762310010713606,0.1310972209479481,0.0973620467309725
14.9,1.187006794401094,0.7266853152639619,1.4796045184930582,0.1312461493358728,0.0972131164197274
14.95,1.187517412185806,0.7323739259947492,1.4830078217846727,0.1314059317582996,0.0970533319188173
15.0,1.188008579583847,0.7380642490578128,1.4864430817686212,0.1315768410426116,0.0968824203913382
15.05,1.1884801019019353,0.7437562336008245,1.4899125238337483,0.1317587860301723,0.0967004729700578
15.1,1.188931773290828,0.749449827685038,1.49341835513976,0.1319527441723848,0.0965065122277535
15.15,1.1893633740604341,0.7551449783127643,1.4969629783342229,0.132158693966608,0.096300559639259
15.2,1.1897746711365247,0.760841631173352,1.500548791766958,0.1323770089055484,0.0960822416989001
15.25,1.1901654176520258,0.7665397304531417,1.5041782684876226,0.1326086066313909,0.0958506407723842
15.3,1.1905353525072608,0.7722392186345989,1.5078540650735233,0.1328534599648019,0.0956057839907916
15.35,1.190884198723089,0.7779400363531966,1.5115788326709243,0.1331120931225943,0.0953471471207906
15.4,1.1912116651581286,0.7836421220257193,1.5153553272711047,0.133385551481958,0.09507368480251
15.45,1.191517443608027,0.7893454117511215,1.5191865139390495,0.1336742202428154,0.0947850118078885
15.5,1.191801209338141,0.7950498389750995,1.5230754347825424,0.13397868412997,0.0944805433799094
15.55,1.1920626196916917,0.8007553342448867,1.5270252488575482,0.1342997593434222,0.0941594632991068
15.6,1.1923013141727312,0.8064618248653327,1.53103927846198,0.1346382228896397,0.0938209945375161
15.65,1.192516912531043,0.8121692346206453,1.535121001297192,0.1349950715129357,0.0934641403318849
15.7,1.1927090149407675,0.8178774833746109,1.5392740944152972,0.135371044737344,0.0930881611153727
15.75,1.1928771995899803,0.8235864867364555,1.5435023827774943,0.1357672840754736,0.0926919153457211
15.8,1.1930210234547216,0.8292961555815846,1.5478099196504695,0.1361848164139652,0.0922743760917106
15.85,1.193140018979113,0.8350063956566945,1.552200963682695,0.1366245758376215,0.0918346092235698
15.9,1.1932336951216782,0.8407171070225911,1.5566799603441004,0.1370885731682523,0.0913706039245219
15.95,1.1933015342587083,0.8464281835498474,1.5612517572684732,0.137577509988045,0.0908816585162375
16.0,1.193342990784614,0.8521395123052687,1.565921342415654,0.1380929949255681,0.090366164314216
16.05,1.1933574910210978,0.8578509728797177,1.5706940254767892,0.1386370838722174,0.0898220653906391
16.1,1.193344429763281,0.8635624366767436,1.575575527324947,0.1392109632239779,0.0892481752411844
16.150000000000002,1.1933031691875207,0.8692737661001388,1.5805718061232263,0.1398169770345168,0.0886421497613575
16.2,1.1932330374074458,0.8749848136764274,1.5856892888505423,0.1404571863386068,0.0880019278335359
16.25,1.1931333247645264,0.8806954210582251,1.5909348147010494,0.1411337263549146,0.0873253741303365
16.3,1.1930032830623936,0.8864054179520324,1.5963156499235072,0.1418493191261855,0.0866097665158544
16.35,1.1928421217250236,0.8921146208873014,1.6018396051845403,0.1426065688728964,0.0858525006387548
16.400000000000002,1.1926490057335997,0.8978228318802646,1.6075150120079544,0.143408604632348,0.0850504473250336
16.45,1.1924230521043624,0.9035298369153707,1.6133508277386859,0.1442584187702009,0.0842006140364279
16.5,1.1921633266858107,0.9092354042623833,1.6193566082120632,0.1451602441953253,0.0832987677338586
16.55,1.191868841017382,0.9149392826160457,1.6255427558582098,0.146117574563078,0.0823414145026488
16.6,1.1915385463770718,0.9206411988732055,1.6319203718642528,0.1471345618467692,0.0813244021124039
16.650000000000002,1.1911713324220154,0.9263408559062668,1.6385013878376893,0.14821672001101,0.0802422164120013
16.7,1.190766019847332,0.9320379297373235,1.6452988381975904,0.1493690027346266,0.0790899034040675
16.75,1.1903213560537946,0.9377320665447795,1.652326748130646,0.1505975248641361,0.0778613479031792
16.8,1.1898360092445184,0.9434228792122324,1.659600365826742,0.1519087243897935,0.0765501114838998
16.85,1.1893085616353347,0.9491099433779548,1.6671362271173311,0.1533096823020265,0.075149112656955
16.900000000000002,1.1887375030413148,0.9547927930331467,1.6749522840818383,0.1548087534797977,0.0736499960467136
16.95,1.188121222893162,0.9604709154275659,1.6830681598251467,0.1564151470529452,0.0720435519386776
17.0,1.187458001250852,0.9661437452124937,1.6915053193365734,0.1581388816394128,0.0703197609624998
17.05,1.1867459992719158,0.9718106577576265,1.7002872314042647,0.159991004824978,0.0684675746232815
17.1,1.185983248861034,0.9774709614939905,1.7094395744244342,0.1619842982572771,0.0664742102919568
17.150000000000002,1.1851676413760435,0.983123889121403,1.7189905832209662,0.1641336019562287,0.0643248268554239
17.2,1.1842969140462971,0.9887685872955011,1.728971460731047,0.166454296428486,0.062004042308898
17.25,1.183368634879877,0.9944041046298584,1.7394164861430057,0.1689648848312323,0.0594933518686994
17.3,1.1823801889070187,1.0000293782459828,1.750363639439259,0.1716860611929037,0.0567720595381125
17.35,1.1813287573358753,1.0056432171491907,1.761855039604738,0.174640576928975,0.0538174114497881
17.400000000000002,1.1802113004569734,1.011244283825065,1.7739373561526566,0.177855284436713,0.0506025524616036
17.45,1.1790245341669217,1.0168310718376856,1.7866626293501677,0.1813606995506253,0.0470969633881687
17.5,1.1777649061445858,1.0224018798663743,1.8000890029664134,0.1851901923001458,0.0432672698150632
17.55,1.1764285673080674,1.0279547805508444,1.814281295214921,0.1893827496111413,0.0390744797382161
17.6,1.175011345526389,1.0334875848531653,1.8293121222022142,0.1939839179066363,0.03447304083842
17.650000000000002,1.173508709534805,1.0389977979911658,1.8452632099090358,0.1944800465228131,0.0339765961491917
17.7,1.1719157344038222,1.0444825681522731,1.861313554946398,0.1753886570940983,0.0530694247424563
17.75,1.1702370133558821,1.0499417420930794,1.873545478181562,0.1570181597529342,0.0714405853918855
17.8,1.1685103336016083,1.0553859547011517,1.882103235617667,0.1567375627551956,0.0717211254672142
17.85,1.1667384216416545,1.0608156126688661,1.8906048793464652,0.1585842188721641,0.0698744082871115
17.900000000000002,1.1649194273703012,1.0662296776890678,1.8994758604049702,0.1604803273198032,0.0679782344223036
17.95,1.163051467583049,1.0716270425789012,1.9087260696947204,0.1624253567255952,0.0660331350704491
18.0,1.1611326289729282,1.077006527678275,1.9183652918602352,0.1644182763388254,0.0640401408032838
18.05,1.15916097119015,1.082366877089884,1.9284031054137891,0.1664575643737559,0.0620007732334055
18.1,1.157134531326598,1.0877067552713877,1.9388487845278244,0.1685413351137454,0.0599169179450908
18.15,1.15505132845324,1.0930247435336553,1.9497112262446892,0.170667046973485,0.0577911164203803
18.2,1.152909369307316,1.0983193368873043,1.9609988193000003,0.1728318613811961,0.055626207195961
18.25,1.1507066546521412,1.1035889411261568,1.9727193847185238,0.175031779392248,0.0534261891369587
18.3,1.1484411860097667,1.1088318700733888,1.9848799437440523,0.1772623218435284,0.0511955414351192
18.35,1.1461109748544862,1.1140463439711523,1.9974866217848934,0.1795187306199097,0.0489390223876928
18.4,1.143714050699315,1.1192304875998205,2.0105445926081154,0.1817945298648354,0.0466631079477658
18.45,1.1412484711659072,1.1243823295263806,2.0240577347998223,0.1840831450790939,0.0443743729163818
18.5,1.1387123338614664,1.1294998026360736,2.0380286120160935,0.1863768836383448,0.0420805102699759
18.55,1.1361037867681496,1.1345807444859242,2.0524582493529304,0.188666847653457,0.0397904182967357
18.6,1.1334210424070317,1.1396229001926916,2.0673458922886025,0.1909438485129153,0.037513286246734
18.65,1.13066239054032,1.1446239254768114,2.0826889485152207,0.1931973986818095,0.03525960234157
18.7,1.127826212578468,1.149581391602926,2.0984827281492446,0.1954162851136782,0.0330405804459949
18.75,1.1249109963728,1.154492791771163,2.114720298616013,0.1975887799166561,0.0308679494211147
18.8,1.1219153512929623,1.1593555490952503,2.131392381665567,0.1997019720604389,0.0287546212496816
18.85,1.1188380230233552,1.1641670260112158,2.148487116746643,0.2017426972875055,0.0267137613534514
18.9,1.1156779096430443,1.1689245363220622,2.1659900103400487,0.2036979205458494,0.024758406191106
18.95,1.1124340753128281,1.1736253577507543,2.1838839617755226,0.2055537559493064,0.0229024429082619
19.0,1.1091057642221231,1.1782667467703551,2.202149093079627,0.2072961014516283,0.0211599747968293
19.05,1.1056924137269288,1.1828459552315667,2.220762705745107,0.20891213598977,0.0195438245079288
19.1,1.1021936661903484,1.1873602485710164,2.239699536893291,0.2103890020515514,0.0180668509840659
19.15,1.0986093770493928,1.1918069236598248,2.2589317520000396,0.2117141021884837,0.0167416528939133
19.200000000000003,1.094939623807745,1.1961833298526188,2.2784289969294966,0.2128768490941885,0.0155788189625144
19.25,1.0911847105587402,1.200486889037697,2.298158799942664,0.2138673922449405,0.0145882008926743
19.3,1.0873451702315537,1.204715116071374,2.3180867190778907,0.2146773623278627,0.013778168978927
19.35,1.0834217647031776,1.208865639553458,2.3381766384127847,0.2153003650159643,0.0131551184278563
19.4,1.0794154814277577,1.2129362214239414,2.358391163071595,0.2157318794397333,0.0127235707551553
19.450000000000003,1.075327527325451,1.2169247755742296,2.378691993940053,0.2159691223971311,0.0124863094625899
19.5,1.0711593197255298,1.2208293847890344,2.399040275233507,0.2160114510526259,0.0124439774857535
19.55,1.0669124751756212,1.2246483163329114,2.419397022590194,0.2158605760198478,0.0125948641989531
19.6,1.0625887951572617,1.2283800345969715,2.4397235937722836,0.2155201428455446,0.0129353237713949
19.65,1.0581902499187523,1.2320232114286347,2.4599820756796986,0.2149954407227907,0.0134600663896602
19.700000000000003,1.0537189605081922,1.2355767336549985,2.4801356131130117,0.214294007465471,0.0141615534945373
19.75,1.0491771799411447,1.2390397083681977,2.500148858510105,0.2134243808995868,0.0150312461832631
19.8,1.0445672723562096,1.2424114639234682,2.5199881719817374,0.2123967995663585,0.0160589048332311
19.85,1.039891693631337,1.2456915506803934,2.53962196145505,0.2112231808004313,0.0172326110648842
19.9,1.035152969625454,1.2488797359509003,2.559021018428605,0.209915138760621,0.0185407492511122
19.950000000000003,1.0303536764078098,1.2519759986320351,2.5781584573795557,0.2084856200003195,0.0199703715428891
20.0,1.025496421159187,1.2549805217214336,2.5970099822252988,0.2069483973288107,0.0215077039528818
20.05,1.0205838232075246,1.257893681560568,2.6155540515628917,0.2053161328848855,0.0231400828264231
20.1,1.015618496730043,1.260716035991309,2.633771656568738,0.2036021620134654,0.0248541715752305
20.15,1.0106030360071154,1.2634483132392775,2.6516464556125614,0.2055464087785495,0.0229100450933826
20.200000000000003,1.0055400002949897,1.2660913964672662,2.669910091981078,0.2406465109396551,-0.0121926714897345
20.25,1.000428160196202,1.268638662409224,2.6951940102240175,0.275756234394269,-0.0473079051428013
20.3,0.9952381823409266,1.2710223631712465,2.7275004241777245,0.2728711400032131,-0.0444213311674672
20.35,0.9899726314538688,1.27323421665396,2.7592296712947926,0.2618342032562759,-0.0333831083620339
20.4,0.9846418709285324,1.2752840169967972,2.788751402456623,0.2515756147768893,-0.0231234085430504
20.450000000000003,0.9792549193886825,1.277181320264728,2.816221304788617,0.2420824725195433,-0.0136293090663955
20.5,0.9738195937510061,1.278935320020932,2.841792482947211,0.2333230526915052,-0.0048690669831797
20.55,0.9683426526255039,1.2805547738328835,2.8656116949146795,0.2252566692633858,0.0031980218870594
20.6,0.9628299302780358,1.28204796119977,2.8878175596523126,0.2178371991813002,0.0106180970989724
20.65,0.9572864587145185,1.28342266554018,2.908539469860545,0.2110160287569014,0.0174397869154015
20.700000000000003,0.9517165768893823,1.2846861740583875,2.927897094044695,0.204746312146041,0.0237099500881695
20.75,0.9461240269028866,1.2858452898829746,2.9460007302504816,0.1989795643972668,0.0294770818350575
20.8,0.9405120370349972,1.286906347952796,2.962950978506703,0.1936716285949781,0.0347853484397743
20.85,0.9348833956524236,1.2878752468942705,2.9788396065222233,0.1887834263757366,0.0396738367973654
20.9,0.9292405119429615,1.2887574680268827,2.9937505654800605,0.1842754534873067,0.0441820574816239
20.950000000000003,0.9235854699219425,1.289558106015826,3.0077599050806283,0.1801122864178728,0.048345439459605
21.0,0.9179200741181031,1.2902818968741037,3.0209365897764555,0.1762633671921654,0.0521945457463657
21.05,0.9122458886460829,1.290933245835305,3.0333434719210355,0.1726997327192339,0.055758343449345
21.1,0.9065642700648892,1.2915162493961767,3.0450376108480244,0.169394325282785,0.0590638935326398
21.15,0.9008763962871883,1.292034723579855,3.056070654023039,0.1663251028746196,0.0621332411222744
21.200000000000003,0.8951832906370534,1.292492224831251,3.0664898401982734,0.1634700557352322,0.064988398269953
21.25,0.8894858425177565,1.2928920694034864,3.0763380059448013,0.1608094837253848,0.0676490670944763
21.3,0.8837848254642674,1.2932373561792534,3.0856540476078926,0.1583270995080589,0.0701315368737865
21.35,0.878080912203987,1.2935309823959147,3.0944736038713194,0.1560077099031738,0.0724510023147257
21.4,0.8723746877620774,1.2937756599617256,3.1028292746301647,0.1538359593167497,0.0746228200788261
21.450000000000003,0.866666660713322,1.2939739296959245,3.1107505885539566,0.1517997017644394,0.0766591373059015
21.5,0.8609572730121595,1.2941281788326144,3.1182646449998104,0.1498881351352767,0.078570757164791
21.55,0.8552469081837318,1.2942406485868394,3.125396382796859,0.1480904812183367,0.0803684586388039
21.6,0.8495358986771987,1.2943134491135755,3.1321685850548127,0.1463977185301792,0.0820612638871022
21.65,0.8438245320843673,1.29434856743845,3.13860223051912,0.1448005157181669,0.083658504767337
21.700000000000003,0.8381130566137505,1.294347878744767,3.144716431614203,0.1432918837046197,0.0851671709529182
21.75,0.8324016858005607,1.2943131552853988,3.150528902889373,0.1418649086178164,0.0865941767989414
21.8,0.8266906026306453,1.2942460725400253,3.1560559760712605,0.1405129778045026,0.0879461353347547
21.85,0.820979963130521,1.2941482181336363,3.1613126603182353,0.1392304816980294,0.0892286564730904
21.9,0.8152698995174323,1.2940210974501953,3.1663128428407292,0.1380120862639137,0.0904470745304057
21.950000000000003,0.8095605229402917,1.2938661403765264,3.17106934401408,0.1368527271796996,0.0916064540682385
22.0,0.8038519259024275,1.2936847063814172,3.175593971325226,0.1357482164152914,0.0927109833667385
22.05,0.7981441843441153,1.2934780907196788,3.1798976946300814,0.1346946497348593,0.0937645668785274
22.1,0.7924373595553378,1.2932475275722668,3.1839907029157146,0.1336880187137172,0.0947712131865679
22.15,0.7867314997744944,1.2929941956523519,3.1878823834684296,0.1327251403187528,0.0957341054895204
22.200000000000003,0.781026641655687,1.2927192216238865,3.191581486951353,0.1318026139393392,0.096656644526646
22.25,0.7753228115465031,1.2924236838558525,3.195096083892622,0.130917901461664,0.097541368551925
22.3,0.7696200265900338,1.2921086163635105,3.198433737183596,0.1300682691860511,0.0983910113598896
22.35,0.7639182958004128,1.2917750106157804,3.2016014629662126,0.1292506457300107,0.0992086443988676
22.4,0.7582176208721567,1.2914238199393342,3.2046056630993265,0.1284634031994234,0.099995895683753
22.450000000000003,0.7525179969682851,1.2910559621090711,3.2074524138508935,0.1277043011008302,0.1007550057879244
22.5,0.7468194135119973,1.290672320470594,3.2101473433821845,0.1269712403101454,0.10148807389478
22.55,0.7411218547067701,1.2902737479359798,3.2126956600237206,0.1262623811207116,0.1021969397680707
22.6,0.7354253001857806,1.2898610677904727,3.2151022041589843,0.1255759336028975,0.1028833933898035
22.65,0.7297297254133172,1.2894350771010286,3.217371458180294,0.1249105319198246,0.1035488006541547
22.700000000000003,0.7240351022156624,1.2889965474135117,3.219507631306861,0.1242644668686272,0.1041948708001612
22.75,0.7183413991317382,1.288546227197276,3.2215145909137077,0.1236363054518763,0.1048230368634539
22.8,0.7126485817838941,1.2880848433266692,3.2233959177725495,0.1230249495075362,0.1054343970456305
22.85,0.706956613178091,1.2876131028972604,3.2251549730187405,0.1224288373940508,0.1060305130121653
22.9,0.7012654540550369,1.287131693945757,3.226794805456929,0.121846970931968,0.1066123829754983
22.950000000000003,0.6955750630257528,1.2866412883215663,3.2283182642525765,0.1212783390612099,0.1071810180228899
23.0,0.6898853969650287,1.286142541124085,3.2297279963564085,0.1207215830507798,0.1077377769009909
23.05,0.6841964110820274,1.2856360936031164,3.231026376971387,0.1201759694973293,0.1082833930372741
23.1,0.6785080591947027,1.2851225733873095,3.2322156346173925,0.1196402950914703,0.1088190697566519
23.15,0.6728202938740809,1.2846025959606,3.2332977571508743,0.119113909068929,0.1093454578422097
23.200000000000003,0.6671330665825261,1.284076765959466,3.2342746022735462,0.1185957730628122,0.1098635956727849
23.25,0.6614463278941474,1.2835456773915104,3.235147820012549,0.1180849343867644,0.1103744359457396
23.3,0.6557600275182622,1.2830099158137838,3.2359188698566514,0.1175808252836248,0.1108785464315894
23.35,0.650074114508652,1.282470058355784,3.236589097741855,0.1170825019233185,0.111376870968925
23.4,0.644388537342181,1.2819266750214315,3.2371596608372943,0.1165892154458905,0.1118701584250405
23.450000000000003,0.6387032440262851,1.2813803295669204,3.2376315665393793,0.1161002324562903,0.1123591422018892
23.5,0.6330181821994807,1.280831580358569,3.2380056755648194,0.1156148354964825,0.112844539763377
23.55,0.627333299225916,1.2802809812149525,3.2382827051381295,0.1151323060746937,0.1133270696054237
23.6,0.6216485422857898,1.2797290822280163,3.238463228785057,0.1146519221995311,0.1138074537226917
23.65,0.6159638584585971,1.2791764306071143,3.238547675632741,0.114173011293554,0.1142863646951569
23.700000000000003,0.6102791948041304,1.2786235715077,3.2385363402925806,0.1136948797110754,0.1147644961698663
23.75,0.6045944984504376,1.2780710487626896,3.2384293786467016,0.1132168618489646,0.1152425137505494
23.8,0.5989097166662919,1.2775194057588182,3.238226813456543,0.1127382617305313,0.1157211134126386
23.85,0.59322479695373,1.2769691861040613,3.2379285282883323,0.1122583722755,0.1162010022352168
23.9,0.5875396871144415,1.276420934572948,3.2375342652923607,0.1117765811108762,0.1166827925879655
23.950000000000003,0.5818543353427338,1.27587519779919,3.2370436441446517,0.1112921598219997,0.1171672128828928
24.0,0.5761686903177973,1.2753325250056398,3.2364561388385624,0.1108043234342383,0.1176550480900075
24.05,0.5704827012785982,1.2747934689608797,3.2357710663729855,0.1103124790947541,0.1181468910553574
24.1,0.5647963181139273,1.274258586837967,3.234987625176925,0.1098159179904456,0.1186434505841349
24.15,0.5591094914909644,1.2737284407342406,3.2341048719175567,0.1093138116840323,0.1191455551071466
24.200000000000003,0.5534221729347902,1.2732035987939958,3.233121697575245,0.108805396010239,0.1196539687806667
24.25,0.5477343149487369,1.272684636000625,3.2320368402982016,0.1082898983240419,0.1201694642383586
24.3,0.5420458711285319,1.272172135153424,3.2308488837067704,0.1077666836661052,0.1206926764236561
24.35,0.5363567963040308,1.27166668767928,3.2295562844310153,0.1072345990296273,0.1212247583360102
24.4,0.5306670467069176,1.2711688942963386,3.228157268500377,0.1066929750219982,0.1217663793477987
24.450000000000003,0.5249765800384154,1.2706793670048777,3.226649928067797,0.1061409977802043,0.1223183533029905
24.5,0.519285355766951,1.270198728650466,3.2250321925155183,0.1055774239162119,0.1228819235766096
24.55,0.5135933352057973,1.2697276152438024,3.2233017425494785,0.1050015488738305,0.1234577946986599
24.6,0.5079004817677785,1.2692666765014295,3.2214561179669956,0.1044120894191135,0.1240472498836085
24.65,0.5022067611954779,1.2688165769388784,3.219492601920546,0.1038081566584173,0.1246511779917517
24.700000000000003,0.49651214175961955,1.2683779977285377,3.2174082997872127,0.1031885371901347,0.1252707923971601
24.75,0.49081659461856697,1.2679516368940087,3.21520007426651,0.1025518588823326,0.1259074652025094
24.8,0.48512009402563305,1.2675382119062326,3.2128645136344924,0.1018971450697935,0.1265621730277021
24.85,0.4794226177317248,1.2671384602378983,3.2103980108387016,0.1012227345661127,0.1272365770308665
24.9,0.4737241473415015,1.2667531410567616,3.207796626592226,0.1005270625432517,0.1279322419975679
24.950000000000003,0.468024668691543,1.2663830373372251,3.2050561086467946,0.0998090105815345,0.128650286273068
25.0,0.462324172327291,1.2660289573311363,3.2021719810776412,0.0990667840143794,0.1293925044705696
25.05,0.4566226540556342,1.2656917356572046,3.199139409032022,0.0982984069624487,0.1301608724231945
25.1,0.4509201154431605,1.265372236308025,3.1959531624859476,0.0975020667238553,0.1309572027658419
25.15,0.4452165644826197,1.2650713541460954,3.192607648881749,0.0966757669209743,0.1317834917939635
25.200000000000003,0.43951201627380526,1.2647900175306783,3.1890968763944496,0.0958173294084136,0.1326419175618349
25.25,0.4338064938333126,1.2645291902220668,3.185414417579108,0.09492448598372,0.1335347481674003
25.3,0.42810002894816984,1.2642898744104174,3.18155339136074,0.0939946589790953,0.1344645611748897
25.35,0.4223926631850343,1.2640731128094747,3.1775064011411605,0.0930250310317209,0.1354341738341584
25.4,0.4166844489566771,1.263879992372572,3.1732654868609167,0.092012748401418,0.136446439742999
25.450000000000003,0.4109754507774922,1.2637116469098562,3.1688221177267586,0.0909547293442007,0.1375044404842122
25.5,0.40526574663571524,1.2635692608587699,3.1641671466127574,0.0898473047722068,0.1386118449849802
25.55,0.39955542956411116,1.263454072386612,3.1592906925914805,0.0886869769023463,0.1397721508154343
25.6,0.3938446093680634,1.2633673784601003,3.1541821752001713,0.0874696608138898,0.1409894426763264
25.65,0.38813341463004875,1.2633105375048503,3.1488301970139276,0.0861907711941613,0.1422683056439224
25.700000000000003,0.38242199491027296,1.263284975753632,3.1432224435689515,0.0848457990471605,0.1436132484076689
25.75,0.3767105232813413,1.2632921909728791,3.1373456986329007,0.0834293363454774,0.145029678682258
25.8,0.3709991991700573,1.2633337585445885,3.1311856643992226,0.0819358230797455,0.1465231561010364
25.85,0.36528825158734185,1.2634113371349331,3.1247269310970935,0.0803590163790378,0.1480999231151512
25.9,0.35957794278864663,1.2635266749877831,3.117952840423482,0.0786922377647914,0.1497666577259038
25.950000000000003,0.3538685724374706,1.2636816169886398,3.110845398427371,0.0769278154554376,0.1515310311975061
26.0,0.348160482328579,1.26387811175325,3.1033850768531646,0.0750577337861013,0.1534010585304379
26.05,0.3424540618172202,1.2641182207165391,3.0955507443787305,0.0730736119757961,0.1553851197100701
26.1,0.3367497539374799,1.2644041257100758,3.087319593605303,0.0709653515388811,0.1574933124470371
26.15,0.3310480624201316,1.2647381385240397,3.0786667975144875,0.0687218482986977,0.1597367400296316
26.200000000000003,0.3253495597763292,1.2651227119652506,3.069565308341394,0.0663319993112349,0.1621265041778746
26.25,0.31965489654912904,1.265560451173087,3.05998585785473,0.0637833711444874,0.1646750369523192
26.3,0.3139648117722732,1.2660541240161958,3.049896691273947,0.0610613275066393,0.1673969732784705
26.35,0.3082801451321016,1.2666066746370737,3.0392631266967647,0.0581504066059136,0.1703077732907622
26.4,0.30260185097805375,1.267221237877245,3.028047390028279,0.0550341296278177,0.1734239137353509
26.450000000000003,0.2969310143328818,1.2679011534820113,3.0162084116175256,0.0516945049462848,0.1767633838441696
26.5,0.2912688693174207,1.2686499813447463,3.003701523727737,0.0481107949794308,0.1803469186222724
26.55,0.28561682031171753,1.2694715173160849,2.990477911363453,0.0442620220940361,0.1841954924197976
26.6,0.2799764667421123,1.27036981240735,2.976484564330877,0.0481962615080828,0.1802610263512323
26.65,0.27434963065155205,1.2713491863629918,2.963278087846562,0.0790428078267343,0.1494162547120755
26.700000000000003,0.2687349302132893,1.2723961359910267,2.9562407431580286,0.1056980972294426,0.1227612624276482
26.75,0.26312238452226594,1.273454616151684,2.954534426638207,0.1071892293980277,0.1212701277229185
26.8,0.25751128239282267,1.2745207219405388,2.953126336805718,0.1066946439127771,0.1217647104637967
26.85,0.2519017399539859,1.2755950037951933,2.9516193301506166,0.106195395506287,0.1222639559094177
26.9,0.2462938767031417,1.2766780166255112,2.950012474110303,0.1056909362439244,0.1227684119897347
26.950000000000003,0.2406878158091752,1.2777703203265178,2.948304726535722,0.1051809424371166,0.1232784023815316
27.0,0.2350836844475687,1.2788724804005145,2.9464949805412806,0.1046649654188485,0.1237943757435626
27.05,0.22948161402454437,1.2799850679603082,2.944582039508809,0.1041424540820976,0.1243168831743277
27.1,0.2238817405873066,1.281108660624129,2.942564596599586,0.103613059640867,0.124846273443794
27.15,0.21828420511542757,1.2822438427403493,2.9404412752192934,0.1030763353981394,0.1253829932361976
27.200000000000003,0.21268915386557236,1.2833912058199914,2.9382106094354876,0.1025317138865186,0.1259276100082837
27.25,0.20709673873078724,1.284551348971402,2.935871019823311,0.101978724848021,0.1264805940050863
27.3,0.2015071176690656,1.2857248795922762,2.9334208329076046,0.1014168839445275,0.1270424295479857
27.35,0.1959204550480976,1.2869124135751155,2.9308582783472588,0.1008456735268465,0.127613634269162
27.4,0.19033692211318426,1.2881145760179171,2.928181482273027,0.1002645642341186,0.128194737511769
27.450000000000003,0.1847566973807097,1.2893320014905707,2.925388464945262,0.0996730061994053,0.1287862891235833
27.5,0.1791799671498619,1.2905653347563675,2.9224771366528444,0.0990704340816155,0.1293888544252646
27.55,0.17360692594456764,1.2918152310679714,2.9194452946184795,0.0984563175063468,0.1300029637686994
27.6,0.16803777707665057,1.2930823569052199,2.9162906299922446,0.0978299560729754,0.1306293175342974
27.65,0.16247273311377233,1.2943673901740336,2.913010693846112,0.0971908433238895,0.1312684221496181
27.700000000000003,0.1569120165796961,1.2956710213011498,2.9096029359635387,0.096538345741801,0.1319209111036643
27.75,0.15135586037231155,1.2969939529785717,2.906064679427353,0.0958717602807825,0.1325874874169409
27.8,0.1458045085874206,1.2983369015151969,2.902393106713737,0.0951904315486994,0.1332688064508368
27.85,0.14025821702821797,1.2997005967092903,2.898585269223523,0.0944937075683172,0.1339655201472856
27.9,0.13471725407295967,1.3010857830627156,2.8946380879656264,0.0937808605287189,0.1346783562833982
27.950000000000003,0.12918190124373252,1.302493219614561,2.8905483383901585,0.0930510953866879,0.135408109866134
28.0,0.12365245419225394,1.3039236812866672,2.886312636942214,0.0923038469006833,0.1361553460875965
28.05,0.11812922337866934,1.3053779588282337,2.8819274870235225,0.0915380572774544,0.1369211227132856
28.1,0.1126125350102419,1.306856859609873,2.8773891804799394,0.0907531769959356,0.1377059892009767
28.15,0.10710273208999228,1.3083612086109782,2.8726938992594353,0.0899483728190817,0.1385107787408654
28.200000000000003,0.10160017514872985,1.3098918480411987,2.867837658667257,0.0891224913018647,0.139336644744505
28.25,0.0961052435594657,1.311449638898861,2.862816243322993,0.0882751070987526,0.1401840124684013
28.3,0.0906183365681915,1.3130354612375803,2.857625352786028,0.0874051389460635,0.1410539631288494
28.35,0.08513987426971055,1.3146502140575715,2.8522604703677494,0.0865115135276319,0.1419475699966634
28.4,0.0796702991605341,1.3162948169436959,2.8467168647208463,0.0855936023566547,0.1428654614721589
28.450000000000003,0.07421007723506547,1.3179702098612223,2.8409896788092963,0.0846501448599625,0.1438088980755538
28.5,0.06875969938269888,1.3196773537342787,2.8350738034877363,0.083680452274544,0.1447785684697747
28.55,0.06331968303658382,1.321417231532763,2.8289639918682137,0.0826833612960769,0.14577563588605
28.6,0.05789057332529671,1.3231908475040823,2.8226547644092164,0.0816579456801022,0.146801026472578
28.65,0.05247294520713101,1.3249992291829396,2.816140456329969,0.0806033321484384,0.1478556134099856
28.700000000000003,0.04706740460049941,1.3268434259941813,2.809415228203814,0.0795181817230396,0.1489407356167939
28.75,0.041674590658613744,1.328724511015722,2.8024729728144386,0.0784016157782976,0.1500572715994743
28.8,0.036295177400526055,1.3306435804549008,2.795307407232321,0.0772528370484543,0.1512060184845182
28.85,0.030929875845797376,1.3326017542588502,2.7879120890887146,0.0760706096505064,0.1523882120664515
28.9,0.025579435746110754,1.33460017526113,2.7802803288471205,0.0748538929738196,0.1536048928460254
28.950000000000003,0.02024464826339054,1.3366400105548806,2.7724052288598995,0.0736019132148708,0.1548568344751206
29.0,0.014926347741094246,1.3387224500322958,2.7642797367338745,0.0723136318817616,0.1561450753180768
29.05,0.009625414383377877,1.34084870697742,2.755896592390243,0.0709882763261554,0.1574703878861532
29.1,0.004342776429213144,1.3430200169573083,2.747248381234243,0.0696247167693267,0.1588339018571041
29.15,-0.0009205871730151999,1.3452376376093078,2.7383274627254655,0.0682225217391509,0.1602360485210176
29.200000000000003,-0.006163644075578572,1.3475028480343694,2.729126110047279,0.0667808344062565,0.1616776845754914
29.25,-0.011385306265025857,1.3498169468414387,2.7196364250303553,0.065298984576457,0.1631594800631494
29.3,-0.016584426788465778,1.3521812521461054,2.709850375481686,0.0637770411334352,0.1646813658802751
29.35,-0.021759797470120835,1.35459709892146,2.699759943007002,0.0622139852979813,0.1662443607589475
29.4,-0.026910146152565637,1.3570658371368567,2.6893569054609054,0.0606100574205632,0.1678482241450025
29.450000000000003,-0.03203413320745658,1.3595888310273048,2.6786330887884615,0.0589656028375591,0.1694926105161548
29.5,-0.03713034985928074,1.3621674542778306,2.6675803880206015,0.057280105601013,0.1711780357946778
29.55,-0.04219731468995505,1.3648030887149145,2.6561905950012354,0.0555549509431477,0.1729031144808527
29.6,-0.04723347100963046,1.367497120880571,2.644455778647465,0.0537907319744774,0.1746672533837008
29.65,-0.052237185290703377,1.3702509364725426,2.6323681265065426,0.0519881593128265,0.1764697418729141
29.700000000000003,-0.05720674372644166,1.373065918148798,2.619919968250534,0.0501494461015801,0.1783083666137471
29.75,-0.06214035085898775,1.3759434393530394,2.607104076199317,0.0482760672607227,0.1801816526922737
29.8,-0.067036127926531,1.3788848587440383,2.593913517656162,0.0463705889866339,0.1820870338574864
29.85,-0.071892110898616,1.3818915151547482,2.580341873169077,0.0444359979536947,0.1840215234283295
29.9,-0.07670625039696263,1.3849647195594321,2.5663833206216133,0.0424755199706483,0.185981895714713
29.950000000000003,-0.08147641063433281,1.3881057489366164,2.552032683047207,0.040492966253277,0.1879643396449781
30.0,-0.08620037018120025,1.39131583757807,2.5372855457080368,0.0384932564767665,0.1899639356015298
30.05,-0.09087582222963227,1.394596169653562,2.5221384777955604,0.0364815285535022,0.1919755458856406
30.1,-0.09550037759793954,1.3979478683920776,2.5065890760623466,0.0344636087135165,0.1939933445939158
30.15,-0.10007156619255816,1.4013719882832323,2.4906361024743067,0.0324459092326937,0.1960109198818031
30.200000000000003,-0.10458684205680412,1.404869503201058,2.4742796014093957,0.0304357908535349,0.1980209114450218
30.25,-0.10904358680102581,1.408441297820092,2.457521089350247,0.028441266571212,0.2000153068351186
30.3,-0.11343911742763396,1.4120881545787818,2.4403636853238564,0.0264702784306082,0.2019861647506672
30.35,-0.11777069219927078,1.415810744606856,2.4228120966918505,0.0245331127600672,0.2039231993013761
30.4,-0.12203552009564649,1.4196096157667852,2.4048730880377196,0.0222980440200967,0.2061581370360695
30.450000000000003,-0.12623077198358496,1.423485180662511,2.3864870787361223,0.0207890116244486,0.2076669507942092
30.5,-0.13035304978921264,1.4274382686859584,2.3677992848191463,0.0216409087448955,0.206815202606634
30.55,-0.1344005528038332,1.4314678891526156,2.3492818554329724,0.0238134244311667,0.2046428389618522
30.6,-0.13837364055636353,1.4355709049809888,2.3311989139799043,0.0259802641328525,0.2024761468100648
30.65,-0.14227279894839132,1.4397442455071086,2.3135493257121826,0.0281262944492199,0.2003302590014266
30.700000000000003,-0.14609861351281267,1.4439849283445478,2.2963289292569615,0.0302453122117626,0.198211378497994
30.75,-0.149851759456003,1.4482900628064896,2.279532322628339,0.0323317201480273,0.196125102473715
30.8,-0.15353298846550334,1.4526568554345094,2.26315298439577,0.0343821191722372,0.1940748296623286
30.85,-0.157143119573594,1.4570826112232578,2.247183713346761,0.0363922739649407,0.1920647954897152
30.9,-0.16068302972943427,1.4615647347661183,2.2316164611942835,0.0383589734644916,0.1900982111244696
30.950000000000003,-0.1641536433536006,1.4661007318247261,2.2164425374282857,0.0402801859826145,0.188177108218625
31.0,-0.167555924942541,1.470688208204573,2.2016528452046846,0.0421539860017098,0.1863034123809863
31.05,-0.17089087107145792,1.4753248690304896,2.187237902566757,0.0439787369068602,0.184478760399074
31.1,-0.17415950364158994,1.4800085170390969,2.1731879002175356,0.0457536702991302,0.1827039207748128
31.15,-0.17736286285878258,1.484737051066699,2.1594928751699674,0.0474781226012044,0.1809795572584504
31.200000000000003,-0.18050200261065252,1.4895084629434414,2.1461427317042427,0.0491516826650852,0.1793060812073911
31.25,-0.18357798416062257,1.4943208356612647,2.1331272918500126,0.0507744472795655,0.177683395999496
31.3,-0.18659187255428117,1.4991723398710843,2.120436396978019,0.052346671241174,0.1761112470384234
31.35,-0.1895447318067269,1.5040612313610489,2.108059939398294,0.0538685664823889,0.174589422629594
31.4,-0.1924376221691284,1.5089858474216478,2.0959878537835737,0.0553409670088387,0.1731170889287379
31.450000000000003,-0.195271595733515,1.5139446044143923,2.0842102415915837,0.056764544262432,0.17169357470444
31.5,-0.19804769544268222,1.5189359935477835,2.072717338547383,0.0581400505111388,0.1703181279122849
31.55,-0.20076695084616955,1.523958578749246,2.0614995308072683,0.0594685155361797,0.1689897189511525
31.6,-0.20343037775360814,1.5290109925460762,2.050547410465771,0.0607508603382319,0.1677074270027831
31.65,-0.20603897496488577,1.534091933772715,2.039851753799316,0.0619884144698567,0.1664699226484322
31.700000000000003,-0.20859372414196356,1.539200163800474,2.0294036029814584,0.0631820596943359,0.1652763243397785
31.75,-0.21109558774952594,1.5443345039977472,2.019194176516914,0.0643329116747637,0.1641255165887412
31.8,-0.2135455083969748,1.5494938326579604,2.0092149160255164,0.0654422580788304,0.1630162118594935
31.85,-0.21594440758991348,1.5546770824075111,1.9994575206474499,0.066511187516809,0.1619473216924195
31.9,-0.21829318575707818,1.55988323719202,1.9899139072298886,0.0675408152602592,0.160917730955153
31.950000000000003,-0.22059272088803575,1.5651113300821926,1.9805762156603994,0.0685324820695389,0.1599260989987307
32.0,-0.2228438688995179,1.5703604404516012,1.9714368539674803,0.069487025299355,0.1589715886375797
32.050000000000004,-0.22504746300084674,1.5756296917706056,1.9624883976336576,0.0704056054356953,0.1580530394922811
32.1,-0.2272043132488382,1.5809182494458318,1.9537236542279992,0.0712895043608335,0.1571691697545357
32.15,-0.22931520681012554,1.5862253185036557,1.945135687688629,0.072139624901292,0.1563190767222791
32.2,-0.23138090798277847,1.5915501415178512,1.9367177425065303,0.0729567996159247,0.1555019279551912
32.25,-0.23340215784852028,1.5968919968001827,1.9284632296726043,0.0737422937350743,0.1547164582722052
32.300000000000004,-0.2353796743155034,1.6022501965424714,1.9203658132188908,0.0744970261598376,0.1539617488629508
32.35,-0.2373141528572073,1.607624084818176,1.9124193409485792,0.0752216022117327,0.1532371945333424
32.4,-0.2392062659671755,1.6130130361642607,1.9046177817164183,0.0759169774465449,0.1525418397852882
32.45,-0.2410566633607826,1.6184164539685386,1.8969552954825444,0.0765841706642118,0.1518746658501741
32.5,-0.2428659723055651,1.6238337689059197,1.8894262459639484,0.0772238265443371,0.1512350281280318
32.550000000000004,-0.24463479808186855,1.6292644374234195,1.8820251258055782,0.0778365387538893,0.1506223330352274
32.6,-0.24636372361228331,1.6347079405760092,1.8747465463774442,0.0784231285313172,0.1500357593796739
32.65,-0.2480533099086685,1.6401637826570288,1.8675852832926088,0.078984063545631,0.1494748395522552
32.7,-0.24970409628604445,1.645631489977213,1.8605362056919463,0.0795201386723485,0.1489387786997784
32.75,-0.25131660012322715,1.6511106098385002,1.8535943416892033,0.0800317824128609,0.1484271483762194
32.800000000000004,-0.2528913178703863,1.6566007091934836,1.8467548050928675,0.0805193473011055,0.1479395961003359
32.85,-0.2544287240772731,1.6621013739412744,1.8400127802129442,0.0809835350205808,0.1474754202015845
32.9,-0.255929272300133,1.6676122077184015,1.8333635916948443,0.0814245063871541,0.1470344599187942
32.95,-0.25739339495530106,1.6731328310440878,1.8268025963416803,0.0818426896130549,0.1466162870709227
33.0,-0.2588215030925276,1.6786628805163413,1.8203252365958933,0.0822382478875018,0.1462207385044513
33.050000000000004,-0.2602139868875624,1.684202007854658,1.8139269875341983,0.0826114593040501,0.1458475361369455
33.1,-0.26157121487473906,1.6897498792991419,1.8076033798509086,0.0829626771926135,0.1454963266432115
33.15,-0.2628935347379976,1.695306174643188,1.801350014905849,0.0832916403154859,0.1451673713144119
33.2,-0.2641812727493448,1.70087058663467,1.7951624418059562,0.0835985670676668,0.1448604517586575
33.25,-0.2654347332310608,1.7064428203764206,1.7890362533368573,0.0838834675618344,0.1445755578698843
33.300000000000004,-0.2666541990917791,1.7120225925001549,1.7829670443060524,0.0841460842604605,0.1443129472106377
33.35,-0.26783993085530294,1.717609630700124,1.7769503580110346,0.0843862950818666,0.1440727418678647
33.4,-0.268992166628025,1.7232036730624554,1.7709817133324346,0.084603787562179,0.1438552543143583
33.45,-0.2701111214530681,1.7288044675359189,1.7650565666572169,0.0847981682965716,0.1436608779575811
33.5,-0.2711969868755171,1.734411771359409,1.759170295691116,0.0849688976287568,0.1434901524537071
33.550000000000004,-0.27224993013495413,1.7400253505625798,1.753318170208621,0.0851155101476379,0.1433435431924916
33.6,-0.27327009342099823,1.7456449794451638,1.7474953669041355,0.0844908268806679,0.1439682291448843
33.65,-0.27425759324930915,1.7512704400275645,1.741547626677714,0.0765221370963875,0.1519367493468493
33.7,-0.27521083704010496,1.7569018022537146,1.7340061654526677,0.0677804177507271,0.1606780663883669
33.75,-0.276113377085264,1.762541502673625,1.724716400588904,0.0667824952924463,0.1616760238197974
33.800000000000004,-0.2769618329936979,1.7681895936713248,1.7152270477361686,0.0676938043859894,0.1607647473130698
33.85,-0.2777571829458684,1.7738454081225201,1.7059199534434606,0.0685606723163453,0.1598979097663807
33.9,-0.2785003635133966,1.7795083146177384,1.696786229698457,0.0693847709346471,0.1590738395383915
33.95,-0.2791922693955378,1.7851777150875676,1.6878173228380826,0.0701681810072838,0.1582904559767993
34.0,-0.27983375584093206,1.7908530422277655,1.679005095341131,0.0709126151795303,0.157546046557513
34.050000000000004,-0.28042563947741866,1.7965337573092968,1.6703417522033326,0.0716197970830412,0.1568388877686966
34.1,-0.28096870005445806,1.802219348033863,1.6618198431347673,0.0722909343716245,0.1561677721051253
34.15,-0.2814636814339231,1.8079093266179291,1.6534321593614172,0.0729277618112899,0.1555309648552549
34.2,-0.2819112922815966,1.8136032280174845,1.6451718390570207,0.073531765299957,0.1549269801955358
34.25,-0.28231220836758586,1.819300608142406,1.6370323175674626,0.0741037362967348,0.1543550268086161
34.300000000000004,-0.28266707279127934,1.8250010423596885,1.6290071885162747,0.0746452999556511,0.1538134795708455
34.35,-0.2829764967887865,1.8307041240269957,1.6210903705547552,0.0751574158711472,0.153301378971757
34.4,-0.2832410619383826,1.8364094630502084,1.6132759742446943,0.0756410267536788,0.1528177823809961
34.45,-0.2834613195231078,1.8421166846830073,1.6055582986819628,0.0760973549783377,0.1523614674640155
34.5,-0.2836377927639229,1.8478254282545052,1.5979318874333948,0.0765269077764404,0.1519319270837645
34.550000000000004,-0.2837709768795695,1.8535353460741757,1.5903913855026623,0.0769308904826792,0.1515279559132319
34.6,-0.28386133974149075,1.8592461023606521,1.582931678959607,0.0773099915140249,0.151148865582966
34.65,-0.28390932357700727,1.864957372221009,1.5755477915527132,0.077664856951667,0.1507940100706229
34.7,-0.2839153444885927,1.870668840723007,1.5682348762408174,0.0779961679936709,0.1504627082183247
34.75,-0.28387979410139186,1.876380201987627,1.560988222218352,0.0783044692686896,0.150154415427387
34.800000000000004,-0.2838030392002018,1.8820911583377495,1.5538032276024822,0.0785906405279754,0.1498682519426661
34.85,-0.28368542309971895,1.8878014194894812,1.5466754664610132,0.0788548537866271,0.1496040458155809
34.9,-0.2835272660789894,1.8935107017877608,1.5396005472581178,0.079097663728353,0.1493612423880947
34.95,-0.28332886516449174,1.8992187274483618,1.5325741893921434,0.0793195909590992,0.1491393210659651
35.0,-0.2830904954662709,1.9049252238725498,1.525592216381457,0.0795208721056068,0.1489380452553018
35.050000000000004,-0.2828124099091101,1.910629922944278,1.5186504990664875,0.0797019747653802,0.1487569473656933
35.1,-0.28249483994430014,1.9163325603828456,1.5117450018064562,0.0798630809010907,0.1485958454613016
35.15,-0.2821379958311863,1.9220328751044722,1.5048717253504351,0.0800044216616084,0.1484545084035619
35.2,-0.28174206671894647,1.9277306085873722,1.49802671667624,0.080126446191348,0.1483324870378782
35.25,-0.28130722106157424,1.9334255042722739,1.4912061125915868,0.0802289540755667,0.1482299818213122
35.300000000000004,-0.2808336072163387,1.9391173070003251,1.4844060098170122,0.0803123452652616,0.1481465927879062
35.35,-0.28032135239896266,1.9448057623255715,1.477622585064748,0.0803766715171033,0.1480822681873633
35.4,-0.2797705646681735,1.9504906160908337,1.470852025397722,0.0804218082263642,0.1480371326455499
35.45,-0.2791813311083748,1.95617161367948,1.4640904929558032,0.0804480824678353,0.1480108590669835
35.5,-0.2785537194306985,1.9618484995829972,1.4573342152958884,0.0804550500843381,0.1480038916469439
35.550000000000004,-0.2778877772032248,1.9675210167478254,1.4505793311396278,0.0804429232886228,0.1480160181401547
35.6,-0.2771835317184918,1.973188905971025,1.4438220216544746,0.0804116610934338,0.1480472795185397
35.65,-0.27644099073471634,1.978851905406252,1.4370584598119638,0.0803608463041,0.1480980930022163
35.7,-0.2756601417883654,1.984509749895639,1.4302847351421524,0.0802903938477704,0.1481685436451639
35.75,-0.2748409521039948,1.990162170358261,1.423496920162413,0.0802001964061554,0.1482587387415539
35.800000000000004,-0.27398336868255063,1.9958088931981732,1.4166910659288732,0.0800898192708065,0.1483691130065133
35.85,-0.27308731818295023,2.001449639676962,1.4098631365553025,0.0799588694236631,0.1485000594529174
35.9,-0.27215270629514277,2.0070841251888623,1.403009017552377,0.0798071953078947,0.1486517295992316
35.95,-0.27117941774306237,2.012712058612906,1.3961245641232434,0.07963414300661,0.1488247773619528
36.0,-0.2701673162297614,2.0183331416457166,1.389205500687709,0.0794393562744718,0.1490195589538054
36.05,-0.2691162433388332,2.023947067922842,1.382247480419776,0.0792222800967189,0.1492366293639434
36.1,-0.2680260191811768,2.0295535224268972,1.3752460454930533,0.0789822793415615,0.1494766237005726
36.15,-0.2668964408860998,2.0351521804680983,1.3681966110571522,0.0787187987558413,0.1497400971810303
36.2,-0.2657272831039499,2.040742707012027,1.3610944812146333,0.0784309335010862,0.1500279546286092
36.25,-0.2645182967196608,2.0463247556190356,1.353934779101881,0.0781181011627483,0.1503407784030029
36.3,-0.26326920861638037,2.0518979675469122,1.3467125113778555,0.07777926398978,0.1506796062277226
36.35,-0.26197972115999907,2.057461970756203,1.3394224771540613,0.0774136392064572,0.1510452208189516
36.4,-0.26064951100016215,2.063016378702441,1.3320593189928118,0.0770201101192414,0.1514387388302096
36.45,-0.25927822918101506,2.0685607893755464,1.324617456121715,0.0765974415196996,0.1518613954163933
36.5,-0.25786549926643076,2.0740947838006707,1.3170910607320454,0.0761448530886237,0.1523139707837988
36.55,-0.2564109172587685,2.079617924896209,1.3094741489625281,0.0756606942563061,0.1527981154757681
36.6,-0.2549140508109677,2.085129756096234,1.301760406840582,0.0751435606044452,0.1533152338485148
36.65,-0.2533744373063157,2.0906297995717984,1.2939432395161752,0.0745919965072905,0.153866781432207
36.7,-0.2517915837133284,2.096117554829112,1.2860157610236833,0.0740043875890651,0.1544543724942605
36.75,-0.2501649646636848,2.101592496712739,1.2779707625331638,0.0733789955435828,0.1550797452324117
36.8,-0.24849402207313456,2.1070540737292416,1.2698006875642809,0.0727137418502208,0.1557449780774187
36.85,-0.2467781630838268,2.112501705749044,1.261497563941561,0.0720065836638047,0.1564521137452054
36.9,-0.2450167590880968,2.117934781878407,1.253053010933421,0.0742320241739323,0.1542266488929521
36.95,-0.2432091439201566,2.123352657912132,1.245053548461519,0.0831712641136284,0.1452878417382819
37.0,-0.2413610424166931,2.1287568690235763,1.2388418906990537,0.0895034593206388,0.1389556885563035
37.05,-0.2394862565552511,2.134151882172693,1.2338966677754872,0.0892176075971868,0.1392415302099631
37.1,-0.23758479598761992,2.1395375514662427,1.2288942755142094,0.0886766718361553,0.139782455552072
37.15,-0.23565612908374522,2.144913537610967,1.223783697142618,0.0881288232153574,0.1403302933972514
37.2,-0.23369972120992077,2.150279490295102,1.2185635501244285,0.087573535626955,0.1408855698325721
37.25,-0.23171503375119457,2.155635047454098,1.2132323467038666,0.0870102625915654,0.1414488313152214
37.3,-0.2297015243988517,2.1609798349691425,1.2077884898315012,0.0864384572243777,0.1420206247075679
37.35,-0.22765864616275375,2.166313465869919,1.2022302730831822,0.0858576270365752,0.142601442474043
37.4,-0.2255858476889628,2.1716355399969003,1.1965558915394354,0.0852671953783739,0.1431918612461951
37.45,-0.22348257242588226,2.1769456431987066,1.1907634249526533,0.084666749775193,0.1437922934686321
37.5,-0.22134825879774817,2.182243346886314,1.1848508705833094,0.0840557247398227,0.1444033046095289
37.55,-0.2191823397609644,2.187528207318069,1.1788161125963388,0.0834337032575012,0.1450253116532291
37.6,-0.21698424269276856,2.1927997649827944,1.172656951756766,0.0828002046969306,0.1456587952053717
37.65,-0.21475338930636828,2.198057543964086,1.1663710927059219,0.0821547996774352,0.1463041846204771
37.7,-0.21248919545051917,2.2033010512230353,1.1599561542116177,0.0814969637337718,0.1469620043428592
37.75,-0.2101910711803608,2.2085297759622105,1.1534096501507092,0.0808263246602013,0.1476326265395887
37.8,-0.20785842040979055,2.2137431887716974,1.1467290199627702,0.0801425707968885,0.1483163628283314
37.85,-0.20549064135388342,2.218940741086311,1.139911640759626,0.0794451100227134,0.1490138053181989
37.9,-0.20308712636309245,2.22412186434177,1.1329547712300774,0.0787336061631493,0.149725290145387
37.95,-0.200647261840302,2.2292859691213516,1.1258556028318534,0.0780078690853728,0.1504510073931668
38.0,-0.19817042867094087,2.2344324445028434,1.1186112890010742,0.0772672086442659,0.1511916472059514
38.05,-0.19565600250379245,2.2395606573065603,1.1112188451449057,0.076511489910961,0.1519473444560616
38.1,-0.19310335322046415,2.2446699508987833,1.1036752596903954,0.0757405326610221,0.1527182793186692
38.15,-0.1905118464278289,2.249759644949088,1.0959774850246309,0.0749536246288166,0.1535051640707966
38.2,-0.18788084290834814,2.2548290341444726,1.0881223310804329,0.0741507738578265,0.1543079905973247
38.25,-0.18520969910305587,2.2598773873593037,1.080106609406483,0.0733318303520769,0.1551269088363117
38.3,-0.18249776811272536,2.264903947067334,1.0719271015580596,0.072496393884271,0.1559623190069942
38.35,-0.17974439993708624,2.2699079283197308,1.0635805090457873,0.071644285772448,0.1568143997705512
38.400000000000006,-0.17694894205664777,2.274888517854486,1.0550634976459772,0.0707752714689733,0.1576833856376267
38.45,-0.17411074021130882,2.279844873273487,1.0463726862291114,0.0698895419811834,0.158569085512819
38.5,-0.1712291389655495,2.2847761220563227,1.037504731875948,0.068987034216448,0.1594715624618772
38.55,-0.16830348341938545,2.2896813612067457,1.0284562790514051,0.0680672265552334,0.1603913381431581
38.6,-0.16533311936331316,2.294559655964079,1.0192238678926127,0.067130798066535,0.1613277333747256
38.650000000000006,-0.1623173941920335,2.299410038893188,1.0098041743617934,0.0661775691524493,0.162280927749975
38.7,-0.1592556595065243,2.3042315100089237,1.000193838502041,0.0652076401701797,0.1632508208923535
38.75,-0.15614727045364576,2.3090230348461085,0.9903895204298236,0.064221642813462,0.1642367810341435
38.8,-0.15299158896019943,2.313783544950473,0.9803880066077555,0.0632194935613124,0.1652388917361165
38.85,-0.14978798420254635,2.3185119366104017,0.9701860667902751,0.0622018081541014,0.1662565372198682
38.900000000000006,-0.1465358345515463,2.323207070514709,0.9597805938836983,0.0611691686027058,0.1672891354431691
38.95,-0.14323452947624313,2.327867771398641,0.9491685971996521,0.0601221926046413,0.1683360687106305
39.0,-0.13988347149903535,2.3324928277399617,0.938347209589053,0.0590613081646652,0.1693969090529812
39.05,-0.13648207824074202,2.3370809915378605,0.9273136495002214,0.0579878713641149,0.1704703003032817
39.1,-0.13302978410573613,2.341630977837995,0.9160654066063049,0.0569026826969065,0.1715554420107101
39.150000000000006,-0.129526044082777,2.346141465901064,0.9046001306749245,0.0558064640388849,0.1726516123911042
39.2,-0.12597033446198902,2.3506110981030965,0.8929156158397026,0.0547010350481185,0.1737569917161223
39.25,-0.12236215652279822,2.3550384811568605,0.8810100201729022,0.0535875737534387,0.1748704020310933
39.3,-0.11870103925144028,2.3594221867255096,0.8688817373451367,0.0524673701800682,0.1759905534148476
39.35,-0.1149865418523238,2.3637607519670687,0.8565294190216588,0.0513424499204867,0.1771154202679453
39.400000000000006,-0.1112182566529532,2.3680526805182103,0.8439521219869129,0.0502148512875461,0.178242964336372
39.45,-0.10739581284033178,2.3722964443840646,0.8311493106820304,0.0490858650147589,0.1793718951200267
39.5,-0.10351887928088284,2.376490485249298,0.8181207076715036,0.0479584012123608,0.1804993024833307
39.55,-0.099587166882328,2.380633215520658,0.8048666175444066,0.0468347186596373,0.1816229277806024
39.6,-0.09560043398440349,2.384723022476523,0.7913877966323101,0.0457168470081982,0.1827407415972749
39.650000000000006,-0.0915584874385217,2.38875826865735,0.7776854071734024,0.0446081873364817,0.1838493428859383
39.7,-0.08746118736607536,2.392737296059041,0.7637612916184567,0.043511223750192,0.1849462478025219
39.75,-0.08330845021574639,2.3966584291035753,0.7496177892132238,0.0424286060615059,0.186028806802428
39.8,-0.07910025167482403,2.4005199778178845,0.7352577691391315,0.0413641342640864,0.187093219927898
39.85,-0.0748366296527393,2.4043202414838087,0.7206848605727504,0.0403211261372511,0.1881361696297929
39.900000000000006,-0.07051768852750155,2.40805751422606,0.7059033562234962,0.0393019980281886,0.1891552400269672
39.95,-0.06614360087150978,2.411730088349215,0.6909180320236183,0.0383112702455245,0.1901459108569247
40.0,-0.06171460982668814,2.4153362588350893,0.6757345679624783,0.0373520937676702,0.191105031469963
40.05,-0.05723103335825768,2.4188743308166405,0.660359274192249,0.0343837615544157,0.1940733092497599
40.1,-0.052693263977774935,2.422342622153858,0.6443903194227146,0.0256885889695372,0.2027675373012675
40.150000000000006,-0.048099014572786175,2.425735703117219,0.6266824245895416,0.0207399263021974,0.2077160807092932
40.2,-0.04344130589144641,2.429041129232267,0.607984809148832,0.0237721101272939,0.2046841517589185
40.25,-0.03872341019195769,2.432260077028619,0.5898936049856696,0.0272788426971618,0.2011776560052329
40.3,-0.03394916757436898,2.4353948560962735,0.5725037236548625,0.0306637044217586,0.1977930139247632
40.35,-0.029122183727191726,2.438447809099125,0.555790792704562,0.0339245663055202,0.1945323554591597
40.400000000000006,-0.024245835749821566,2.4414212891465565,0.539730013789198,0.0370616373600381,0.1913954723959895
40.45,-0.019323284736751066,2.444317648654199,0.5242966302856029,0.0400745752901078,0.1883827081598555
40.5,-0.014357484557069982,2.447139223578123,0.5094658169986281,0.0429661883218953,0.1854912551860962
40.55,-0.009351193392577232,2.4498883236054416,0.49521331031220805,0.0457387929707093,0.182718797902724
40.6,-0.004306985592706519,2.4525672248613732,0.4815153098190066,0.0483949375954339,0.1800627890197053
40.650000000000006,0.0007727381987494338,2.45517816132821,0.4683485246765794,0.0509384454950806,0.1775194060848061
40.7,0.005885739846653181,2.4577233200396362,0.4556904286176069,0.0533731535605681,0.1750848130285144
40.75,0.011029933216577813,2.46020483694147,0.44351926267081226,0.0557031318311737,0.1727549406005127
40.8,0.01620337406871251,2.462624793870108,0.43181408179387837,0.057932500220439,0.1705256696463181
40.85,0.02140425040881051,2.4649852164820145,0.4205547648512904,0.0600653095928512,0.1683929499887434
40.900000000000006,0.026630873420102473,2.4672880727801245,0.4097220008117012,0.0621064827690843,0.1663518593367692
40.95,0.03188166893590331,2.4695352722038164,0.3992974631549327,0.0640596815989103,0.1643987365251354
41.0,0.037155168630005855,2.4717286671713574,0.3892635576623102,0.0659289494673218,0.1625295387392181
41.05,0.04245000362186786,2.4738700505863416,0.37960349873512056,0.0677190228919112,0.1607395298689807
41.1,0.04776489628059222,2.4759611591397745,0.37030144803741366,0.0694330036801909,0.1590256086608304
41.150000000000006,0.05309865410891215,2.4780036731297694,0.36134218753934966,0.0710754344282638,0.1573832328532426
41.2,0.058450163805466276,2.4799992170725864,0.3527114076968518,0.0726497490328593,0.1558089689710435
41.25,0.06381838473577675,2.4819493632692518,0.34439548570303335,0.0741591081072486,0.1542996568095629
41.3,0.0692023446333305,2.4838556306596264,0.336381430832802,0.0756074525297769,0.152851355744826
41.35,0.07460113398194156,2.485719488350876,0.32865704051129707,0.0769977141868629,0.1514611342099794
41.400000000000006,0.08001390172470223,2.487542356624967,0.32121069850898537,0.0783331218398386,0.1501257637136566
41.45,0.08543985103321253,2.4893256087367535,0.3140314343216036,0.0796163796969987,0.1488425403176388
41.5,0.09087823532903533,2.4910705729440816,0.30710881825953956,0.0808503368302052,0.1476086151458509
41.55,0.09632835492982664,2.49277853351105,0.30043299042797506,0.0820381436310971,0.1464208379533296
41.6,0.10178955343232776,2.494450733359424,0.2939947209957518,0.0831819136746121,0.1452770954067102
41.650000000000006,0.10726121459076858,2.496088376005493,0.287785202822542,0.0842838251817088,0.1441752094910534
41.7,0.11274275980234544,2.49769262619505,0.2817960643916075,0.0853465723394324,0.14311248613231
41.75,0.11823364528598582,2.499264612193451,0.27601947301231977,0.0863722425336946,0.142086838081715
41.8,0.12373335956353106,2.5008054277445924,0.2704480134575177,0.0873628847286463,0.1410962165142483
41.85,0.12924142134534528,2.502316133207502,0.2650746802789575,0.0883202377551482,0.1401388827325632
41.900000000000006,0.13475737731728202,2.5037977575861534,0.259892815781216,0.0892464642158853,0.1392126742135687
41.95,0.1402808004607101,2.5052512991184472,0.2548961947814477,0.0901433216889856,0.1383158334769589
42.0,0.1458112878338262,2.5066777283675723,0.25007894360265037,0.0910122990109921,0.1374468717993024
42.05,0.1513484593446363,2.508077988027226,0.2454354863238193,0.0918550521455889,0.1366041332974192
42.1,0.15689195589692337,2.5094529955210536,0.2409605782086363,0.0926730736511648,0.1357861254797092
42.150000000000006,0.16244143823496046,2.5108036432627,0.2366492730257819,0.0934682142912153,0.1349909976283335
42.2,0.16799658536144332,2.5121308009765544,0.23249699469207,0.0942413086201749,0.1342179152899323
42.25,0.17355709334362387,2.51343531682491,0.22849933402509431,0.0949939147819863,0.1334653203680737
42.3,0.17912267441948101,2.5147180175368473,0.2246521934664856,0.0957275083650782,0.1327317373144534
42.35,0.18469305554940654,2.515979711201196,0.22095177057154802,0.0964428965570459,0.1320163590098582
42.400000000000006,0.19026797768724496,2.5172211872645596,0.21739442432626682,0.0971416863462337,0.1313175784911543
42.45,0.1958471947891973,2.5184432178842897,0.2139768351117747,0.0978247202791386,0.1306345532650022
42.5,0.2014304727819829,2.519646559750917,0.21069585181318842,0.0984930952527226,0.1299661864721539
42.55,0.20701758904504047,2.52083195377485,0.2075485426912452,0.0991481163492088,0.1293111730518192
42.6,0.21260833134295537,2.5220001275116375,0.20453223702098422,0.0997905239752088,0.1286687726423454
42.650000000000006,0.21820249728477126,2.5231517953445195,0.2016444121542705,0.1004214154826122,0.1280378879185381
42.7,0.22379989360242883,2.5242876596771557,0.1988827649106779,0.101041762705127,0.1274175470711071
42.75,0.229400335505288,2.5254084119389644,0.1962451864740799,0.1016524935363823,0.1268068222309866
42.8,0.23500364608102556,2.526514733520778,0.1937297536046195,0.1022544982737247,0.126204823123448
42.85,0.24060965572706727,2.5276072967028287,0.19133472111964722,0.1028487055182513,0.1256106211637594
42.900000000000006,0.24621820161966576,2.5286867655250354,0.18905852955509642,0.1034360579641425,0.1250232736735261
42.95,0.25182912717632333,2.529753796818088,0.186899807984158,0.1040173801039701,0.1244419561794713
43.0,0.2574422815631612,2.5308090411210515,0.18485735037660792,0.1045935182596892,0.123865822376026
43.05,0.2630575192478439,2.531853143461265,0.1829301199649742,0.105165374782101,0.1232939699242647
43.1,0.2686746995326382,2.5328867443334144,0.1811172604507579,0.1057337993488967,0.1227255491582664
43.150000000000006,0.27429368611588684,2.53391048061658,0.1794180854698209,0.1062996508432072,0.1221597012032842
43.2,0.2799143466762263,2.5349249864452394,0.1778320804338132,0.1068639002386781,0.1215954550917925
43.25,0.28553655245564014,2.535930894156058,0.1763589249485018,0.1074273040035944,0.1210320543661316
43.3,0.29116017782120623,2.5369288354190855,0.174998449912248,0.107990797033388,0.1204685641342665
43.35,0.2967850999534386,2.5379194417092084,0.1737506732021602,0.1085553864300285,0.119903977297089
43.400000000000006,0.30241119835272456,2.538903345844872,0.1726158141154541,0.1091218683206682,0.119337497732174
43.45,0.30803835451172784,2.539881182627259,0.1715942511743036,0.1096913095131133,0.1187680586309347
43.5,0.3136664515157468,2.5408535899088722,0.1706865762625214,0.1102646626573331,0.1181947073430811
43.55,0.31929537361473875,2.5418212098454154,0.1698935717939466,0.1108429387452924,0.11761643287401
43.6,0.3249250058718631,2.5427846897102664,0.1692162223810748,0.1114272850885528,0.1170320879076014
43.650000000000006,0.33055523371275103,2.543744683279676,0.16865574209917,0.1120187465765217,0.1164406275488573
43.7,0.3361859425173846,2.544701851955265,0.1682135540019364,0.1126185048114644,0.1158408701870844
43.75,0.34181701720121715,2.5456568659188035,0.1678913174643744,0.1132278296246354,0.1152315459809293
43.8,0.3474483417423881,2.5466104055618226,0.167690945828745,0.1138479956555056,0.1146113802773605
43.85,0.3530797987124999,2.547563162837342,0.1676146073665595,0.1144803814311136,0.1139789945345158
43.900000000000006,0.35871126878041165,2.548515842697441,0.1676647460562193,0.115126466140277,0.1133329095439635
43.95,0.36434263017607826,2.549469164674879,0.1678441017158507,0.1157878050665273,0.1126715700014269
44.0,0.3699737581225101,2.550423864541949,0.16815572522236072,0.1164660712183945,0.1119933028713245
44.05,0.3756045242301266,2.5513806960565013,0.1686030020570677,0.1171630711145033,0.1112963016056004
44.1,0.38123479583545306,2.55234043287722,0.169189679007958,0.1178807341793992,0.1105786367442272
44.150000000000006,0.386864435287212,2.553303870599629,0.1699198887514752,0.1186211330358505,0.1098382356238083
44.2,0.3924932991704461,2.554271828935124,0.17079817849267942,0.1193865486172398,0.1090728172637994
44.25,0.39812123745859207,2.5552451540537513,0.1718295516280234,0.12017944785644,0.1082799146759908
44.3,0.4037480925646974,2.556224721213444,0.1730195049460684,0.1210024557300844,0.1074569028205265
44.35,0.4093736983134243,2.5572114374990287,0.1743740602370242,0.1218585783441446,0.1066007755194349
44.400000000000006,0.4149978788050852,2.558206244780403,0.17589984051949512,0.1227509372606484,0.105708411123362
44.45,0.42062044709090485,2.5592101232771953,0.1776040931332238,0.1224716360076189,0.1059877060050049
44.5,0.4262412038211654,2.5602240947387056,0.1792524861334852,0.110691546822507,0.1177678098485796
44.55,0.4318604321890595,2.5612465041875363,0.17854485983087792,0.0969933103775678,0.1314659127604429
44.6,0.43748261539098343,2.5622525193176515,0.1750975995925904,0.0944866143868793,0.1339726131711571
44.650000000000006,0.44310875599260957,2.563236162337754,0.17114899971416261,0.0947796191126687,0.1336796128232109
44.7,0.44873870871623844,2.5641977470922903,0.16725900034310842,0.0950734993979172,0.1333857368646105
44.75,0.4543723319270384,2.5651375894539505,0.16342777659643912,0.0953681971283707,0.1330910434057924
44.8,0.4600094876082356,2.5660560072193768,0.1596554919686969,0.0956636573703894,0.1327955873766464
44.85,0.4656500413333988,2.5669533200090657,0.1559422989680712,0.0959598283576722,0.1324994205419845
44.900000000000006,0.4712938622361387,2.5678298491715403,0.15228833974964,0.0962566614643808,0.1322025915272756
44.95,0.4769408229772911,2.568685917691768,0.1486937467433505,0.0965541111782104,0.1319051458454912
45.0,0.482590799709751,2.5695218501038384,0.14515864327662242,0.096852135070201,0.1316071259272715
45.05,0.4882436720410995,2.570337972407889,0.1416831441909154,0.0971506671338713,0.1313085977817938
45.1,0.4938993229941582,2.571134611991262,0.13826735112612312,0.0974496193158466,0.1310096494603624
45.150000000000006,0.49955763897373895,2.5719120974935836,0.13491134811167152,0.0977491544611445,0.1307101181063589
45.2,0.5052185097299796,2.5726707586794464,0.1316152517471501,0.0980490941603176,0.1304101821354147
45.25,0.5108818282468298,2.573410926873293,0.12837914294964042,0.0983493929746867,0.1301098869886302
45.3,0.5165474908070843,2.5741329340610544,0.12520309354824602,0.0986501048605267,0.1298091787046958
45.35,0.52221539683948,2.57483711362792,0.12208718616382909,0.0989511943016855,0.1295080928006141
45.400000000000006,0.5278854489487421,2.5755237996863305,0.1190314963139363,0.0992525612861607,0.1292067292912143
45.45,0.533557552792281,2.5761933276133466,0.1160360795134309,0.0995542615735562,0.1289050324115871
45.5,0.5392316171207635,2.5768460332333327,0.1131010024296278,0.0998563842058875,0.1286029131151647
45.55,0.5449075536150154,2.57748225371083,0.1102263495387001,0.100158703690027,0.1283005969065435
45.6,0.550585276914859,2.578102326810218,0.1074121602170484,0.1004613057933803,0.127997998015035
45.650000000000006,0.5562647045384725,2.578706591076518,0.104658490994883,0.1007642076563234,0.12769509929578
45.7,0.5619457568268527,2.579295385802919,0.1019654018309373,0.1010674285982117,0.1273918814281888
45.75,0.5676283568819863,2.579869051057647,0.0993329565479396,0.1013709245931909,0.1270883884394599
45.8,0.5733124305105615,2.5804279276580973,0.0967612101633127,0.101674668652455,0.1267846473200484
45.85,0.5789979061758529,2.5809723570552827,0.09425021229655339,0.1019787310674884,0.126480587775727
45.900000000000006,0.5846847149358988,2.5815026813481503,0.0918000266257295,0.1022831186447002,0.1261762029998237
45.95,0.5903727903736035,2.5820192433907967,0.08941071819021709,0.1025878023050374,0.12587152207459
46.0,0.5960620685489652,2.5825223866639817,0.0870823462132619,0.1028927191156382,0.1255666079353296
46.05,0.6017524879362097,2.5830124553021685,0.0848149573312927,0.1031980413077524,0.1252612883434709
46.1,0.6074439893803543,2.5834897938892625,0.08260863262772089,0.103503726550142,0.1249556056325106
46.150000000000006,0.613136515989194,2.5839547480224696,0.080463444719484,0.1038097482985392,0.1246495863478079
46.2,0.6188300131308946,2.5844076636209645,0.07837946091455719,0.1041161327011283,0.1243432043421662
46.25,0.6245244283239607,2.584848887527152,0.0763567537504534,0.1044229343350254,0.124036405035843
46.3,0.630219711221643,2.5852787669363786,0.07439540668037159,0.1047302370895937,0.1237291045377127
46.35,0.6359158134995594,2.5856976500644753,0.0724955199355597,0.1050379240512275,0.1234214197665326
46.400000000000006,0.641612688833591,2.5861058856453956,0.0706571703640292,0.1053461078180206,0.1231132381217067
46.45,0.6473102928225803,2.5865038231425683,0.06888045733366059,0.1056548183837857,0.1228045296085228
46.5,0.6530085829259145,2.586891812770541,0.0671654862111869,0.1059640876240267,0.1224952623512139
46.55,0.6587075184008174,2.5872702055193293,0.06551236873846819,0.1062739492574439,0.122185402631102
46.6,0.6644070602393672,2.5876393531814568,0.0639212234011024,0.1065844374197825,0.1218749163129714
46.650000000000006,0.6701071711052434,2.5879996083815757,0.062392175511783506,0.1068955286136745,0.1215638268950115
46.7,0.6758078152703791,2.5883513246054792,0.0609253456836498,0.1072073815755133,0.1212519756375254
46.75,0.6815089585591535,2.5886948560992895,0.05952088627744861,0.1075199621217198,0.1209393967257245
46.8,0.6872105682595345,2.589030558314992,0.0581789428170481,0.1078333071027337,0.1206260533083717
46.85,0.6929126130933397,2.589358787370587,0.0568996681964843,0.1081475370102447,0.1203118248930793
46.900000000000006,0.6986150631178549,2.5896799006585436,0.0556832394082008,0.1084625921240494,0.1199967712013574
46.95,0.7043178896835531,2.589994256497495,0.054529821500470005,0.1087785866344732,0.1196807780412668
47.0,0.7100210653594908,2.5903022143305012,0.0534396023597907,0.1090955699382102,0.1193637960151953
47.05,0.715724563867258,2.590604134774148,0.0524127797520922,0.1094135929551586,0.1190457742031227
47.1,0.7214283600144128,2.5909003796697654,0.0514495616272958,0.1097327080955555,0.1187266601937936
47.150000000000006,0.7271324296273458,2.59119131213667,0.050550166417471905,0.1100529367886808,0.1184064325585061
47.2,0.7328367494836141,2.5914772966274215,0.0497148168404894,0.1103743880584438,0.1180849822720299
47.25,0.7385412972472137,2.5917586989109647,0.048943757419130804,0.1106970951640607,0.1177622760742366
47.3,0.7442460513897945,2.5920358863283064,0.048237239328113204,0.1110211119633676,0.117438260106904
47.35,0.7499509911332629,2.592309227603286,0.047595524513759604,0.1113465388263243,0.1171128339984811
47.400000000000006,0.755656096367498,2.5925790931457295,0.0470188949965439,0.1116733956848881,0.1167859778168787
47.45,0.7613613475861367,2.592845854968765,0.046507636783344804,0.1120017693667525,0.116457604733406
47.5,0.7670667258116668,2.593109886808804,0.0460620532466795,0.1123317172227256,0.1161276573961377
47.55,0.7727722125220299,2.593371564195832,0.0456824592293383,0.1126633287032836,0.1157960463531304
47.6,0.7784777895770415,2.5936312645064015,0.0453691874643536,0.1129966581239066,0.1154627172876101
47.650000000000006,0.7841834391396012,2.593889367107413,0.045122581547983306,0.1133317751952994,0.1151276004882836
47.7,0.7898891436035734,2.5941462533290975,0.0449429990186848,0.1136687693802709,0.1147906064905279
47.75,0.7955948855110249,2.5944023066440605,0.0448308153076591,0.1140076988380525,0.114451677133787
47.8,0.80130064747548,2.5946579126854106,0.044786417478085705,0.1143486485148035,0.1141107274703513
47.85,0.8070064120997159,2.5949134593543786,0.0448102095825309,0.1146917005417852,0.1137676753679978
47.900000000000006,0.8127121618933507,2.595169336899539,0.0449026120999096,0.1150369246709847,0.1134224510719269
47.95,0.8184178791877913,2.5954259380178955,0.045064059459815405,0.1153844095813066,0.1130749659021872
48.0,0.8241235460518296,2.5956836579056857,0.0452950038277274,0.1157342404283987,0.1127251347009798
48.05,0.829829144201154,2.5959428944024294,0.0455959144004692,0.1160864878030508,0.1123728868756564
48.1,0.8355346549105603,2.5962040480333886,0.045967274493208705,0.1164412596775039,0.1120181144517398
48.150000000000006,0.8412400589210479,2.5964675221200038,0.046409589015785103,0.1167986153609312,0.1116607581178023
48.2,0.8469453363439536,2.5967337229072136,0.046923374740098,0.1171586620106876,0.111300710714403
48.25,0.8526504665687988,2.5970030595623057,0.0475091698697265,0.1175214895119482,0.1109378823538458
48.3,0.8583554281576505,2.5972759444108195,0.0481675305855367,0.1178871709996715,0.1105721998984692
48.35,0.8640601987499823,2.597552792895284,0.048899027695656905,0.1182558174207651,0.1102035523989421
48.400000000000006,0.8697647549536178,2.5978340237720996,0.0497042541978392,0.1184916708959369,0.1099676977318398
48.45,0.8754690722401531,2.598120059155681,0.0505566515142489,0.1152569680390654,0.1132024027316314
48.5,0.8811731407372327,2.5984110147170867,0.0507621080449923,0.1105049610753454,0.1179544046261804
48.55,0.8868773399334479,2.5986993940512337,0.0500171636899088,0.1090459820749525,0.1194133836845679
48.6,0.8925818354657915,2.598981850859434,0.048980423528947305,0.10906147362995,0.1193978921904435
48.650000000000006,0.8982866203513347,2.5992584020374974,0.047946781672897905,0.1090778349549162,0.1193815309296055
48.7,0.9039916876152044,2.599529065439984,0.046916412075429,0.109095078764215,0.119364287187752
48.75,0.9096970302903858,2.599793859965501,0.0458894912330753,0.109113200482985,0.1193461655396121
48.8,0.9154026414243507,2.600052805500556,0.0448661947274126,0.1091322113294671,0.1193271547667755
48.85,0.9211085140808497,2.6003059229653864,0.043846700383681804,0.1091520981612257,0.1193072680122257
48.900000000000006,0.9268146413447709,2.6005532342938293,0.0428311833985818,0.1091728851761432,0.1192864810775428
48.95,0.9325210163263774,2.6007947624235315,0.041819823808441806,0.1091945544570593,0.119264811880264
49.0,0.9382276321624174,2.6010305313610287,0.0408127980661213,0.1092171217884749,0.1192422446353115
49.05,0.9439344820243573,2.601260566075801,0.0398102857814377,0.1092405765861641,0.1192187899271091
49.1,0.9496415591163424,2.601484892642268,0.0388124644473432,0.1092649344796047,0.1191944321254891
49.150000000000006,0.9553488566855817,2.601703538073621,0.037819514682754705,0.1092901829069133,0.1191691837934095
49.2,0.9610563680181963,2.601916530523653,0.036831614594105104,0.1093163091015442,0.119143057696858
49.25,0.9667640864516349,2.602123899056197,0.035848939734573704,0.1093433440157967,0.119116022883121
49.3,0.9724720053706819,2.602325673846479,0.034871671847841304,0.1093712561288258,0.1190881108740078
49.35,0.978180118215847,2.6025218860503427,0.0338999863733231,0.1094000362007061,0.1190593309084908
49.400000000000006,0.9838884184846485,2.6027125678629552,0.032934056902544605,0.1094297211167524,0.1190296461011771
49.45,0.9895968997376924,2.6028977524388743,0.0319740644041021,0.1094602732546427,0.1189990940747866
49.5,0.9953055555966198,2.603077474056061,0.031020182322087798,0.109491684688964,0.1189676827541466
49.55,1.0010143797553854,2.6032517678657965,0.0300725825155695,0.1095239918306618,0.1189353757284984
49.6,1.0067233659760697,2.6034206701244944,0.0291314441257858,0.1095571336760276,0.1189022340017663
49.650000000000006,1.0124325080966154,2.603584218044832,0.028196934093211997,0.1095911312816786,0.1188682365165014
49.7,1.0181418000333846,2.6037424498051025,0.0272692235697297,0.1096259981065975,0.1188333698138639
49.75,1.0238512357829666,2.603895404587716,0.026348486399002998,0.1096616814732559,0.1187976865721268
49.8,1.0295608094252955,2.604043122571194,0.0254348858891159,0.1096981938972969,0.1187611742746873
49.85,1.035270515129203,2.604185644817613,0.0245285878513769,0.109735550432761,0.1187238178673529
49.900000000000006,1.0409803471513759,2.604323013413471,0.023629761107917698,0.109773705969154,0.1186856624609971
49.95,1.046690299841591,2.604455271362915,0.0227385654587334,0.1098126635556773,0.1186467050060275
50.0,1.0524003676449283,2.6045824625911926,0.0218551613136984,0.1098524186125464,0.118606950082388
50.05,1.0581105451039567,2.604704631947849,0.0209797081667142,0.1098929492392741,0.118566419590907
50.1,1.063820826861215,2.604821825192752,0.0201123611315509,0.109934242759759,0.1185251262062632
50.150000000000006,1.0695312076619454,2.6049340889597175,0.019253272786900498,0.1099763174698546,0.118483051633064
50.2,1.075241682355875,2.605041470763587,0.0184025993705796,0.1100191116673792,0.1184402575732481
50.25,1.0809522458984038,2.6051440190345962,0.0175604847799927,0.1100626446435619,0.118396724735438
50.3,1.0866628933554723,2.6052417829427115,0.0167270767708051,0.1101069127362854,0.1183524567825466
50.35,1.0923736199012184,2.605334812617001,0.015902522366179,0.1101518504441033,0.1183075192153753
50.400000000000006,1.0980844208233254,2.6054231589175276,0.015086955489051798,0.1101974983471676,0.1182618714533704
50.45,1.1037952915229179,2.605506873513464,0.014280518178431501,0.110243823757814,0.118215546183757
50.5,1.1095062275155843,2.6055860088972973,0.0134833459358372,0.1102907936939087,0.1181685763895761
50.55,1.1152172244337706,2.605660618295579,0.012695567666270498,0.1103384057366581,0.118120964488725
50.6,1.120928278027402,2.6057307556824534,0.011917311791063801,0.1103866427531008,0.1180727276143163
50.650000000000006,1.126639384164946,2.6057964757602163,0.0111487033049422,0.1104354846509326,0.1180238858588452
50.7,1.1323505388343147,2.6058578339392424,0.010389863184150899,0.1104849203823489,0.1179744502693571
50.75,1.1380617381436446,2.605914886311774,0.0096409101954501,0.1105349304778321,0.1179244403155083
50.8,1.1437729783217288,2.6059676896525117,0.008901959211682499,0.1105854900626883,0.1178738808719015
50.85,1.149484255718731,2.6060163013731725,0.0081731201307612,0.1106365846832717,0.1178227863916302
50.900000000000006,1.1551955668064096,2.60606077951073,0.0074544999599253,0.1106881954363403,0.1177711757786463
50.95,1.1609069081783463,2.606101182705782,0.006746201925694701,0.1107403031552992,0.1177190681992384
51.0,1.1666182765499793,2.6061375701806284,0.006048325421300801,0.1107928884222457,0.1176664830706581
51.05,1.1723296687585203,2.606170001717049,0.0053609659564596,0.1108459315916045,0.117613440039802
51.1,1.17804108176279,2.606198537633805,0.004684215111639801,0.1108994127962231,0.1175599589718286
51.150000000000006,1.1837525126427955,2.606223238763904,0.004018160494079301,0.1109533119686887,0.1175060599347387
51.2,1.1894639585993192,2.6062441664316083,0.003362885697474301,0.1110075997173186,0.1174517723206951
51.25,1.195175416953315,2.6062613824292407,0.0027184684371366003,0.1110622666912813,0.117397105480378
51.3,1.2008868851452128,2.6062749489729056,0.002084984558227,0.1111173040866891,0.1173420682154953
51.35,1.2065983607338842,2.606284928725083,0.0014625081453463005,0.1111726591360306,0.1172867132964551
51.400000000000006,1.212309841395882,2.6062913847516143,0.0008511027293039005,0.1112283316823011,0.1172310408791501
51.45,1.218021324924293,2.606294380443858,0.0002508318096190003,0.1112842988807056,0.1171750738067389
51.5,1.223732809227413,2.6062939795958835,-0.00033824568298429936,0.1113405367640436,0.1171188360487778
51.55,1.2294442923275877,2.606290246274808,-0.0009160756114577999,0.111397028159264,0.1170623447764728
51.6,1.2351557723596858,2.60628324489543,-0.0014826072731786,0.1114537340842692,0.117005638973388
51.650000000000006,1.2408672475695994,2.6062730401061023,-0.0020377977620904997,0.1115106597188609,0.1169487134575124
51.7,1.2465787163125441,2.6062596968135465,-0.0025816031359556994,0.1115677740910036,0.1168915992023741
51.75,1.2522901770514712,2.6062432801696387,-0.0031139856470926994,0.1116250421523773,0.1168343312555234
51.8,1.2580016283551194,2.606223855513633,-0.0036349145574072995,0.111682456087225,0.1167769174336716
51.85,1.2637130688961258,2.6062014883496505,-0.004144360692052,0.1117400055214168,0.1167193681094376
51.900000000000006,1.2694244974490725,2.6061762443511296,-0.004642296950854099,0.1117975934576808,0.1166617802815232
51.95,1.2751359128885014,2.6061481893324814,-0.005128715633238299,0.1118401432050231,0.1166192306393751
52.0,1.2808473141858019,2.606117389055652,-0.005606624376673469,0.111830620903265,0.116628752906855
52.05,1.2865587002025929,2.606083874979887,-0.006086437577032399,0.1117785127347052,0.1166808609688338
52.1,1.2922700693098532,2.606047593906632,-0.0065766724004453,0.1117209065830098,0.1167384670119138
52.150000000000006,1.2979814197164978,2.60600848000728,-0.007078428443335699,0.1116633982920656,0.1167959751916929
52.2,1.3036927495339952,2.60596646752537,-0.0075916861332983995,0.111606030810668,0.1168533425596249
52.25,1.309404056774892,2.605921490858666,-0.0081164173081941,0.111548811977552,0.1169105612767766
52.3,1.3151153393509971,2.60587348457543,-0.0086525922381166,0.1114917560949181,0.116967617042361
52.35,1.320826595071542,2.6058223834162932,-0.0092001783328608,0.1114349026438726,0.117024470373108
52.400000000000006,1.3265378216415158,2.605768122325309,-0.0097591351057844,0.111378270376255,0.1170811025191472
52.45,1.332249016660583,2.605710636509361,-0.0103294183200736,0.1113218511125592,0.1171375216588128
52.5,1.3379601776212076,2.605649861421856,-0.010910985374698999,0.11126570483973,0.117193667806449
52.55,1.3436713019070634,2.60558573276063,-0.0115037816713709,0.1112098373373091,0.117249535181374
52.6,1.3493823867930066,2.605518186607366,-0.0121077514557773,0.1111542567711155,0.1173051156188102
52.650000000000006,1.355093429442326,2.6054471593016753,-0.0127228373405468,0.1110990145018493,0.1173603577575971
52.7,1.360804426907083,2.6053725875859777,-0.0133489716661216,0.111044105937861,0.1174152661893458
52.75,1.3665153761266284,2.6052944085782626,-0.013986087691270098,0.110989547405958,0.1174698245882253
52.8,1.3722262739267292,2.605212559789161,-0.0146341154094968,0.1109353811888791,0.1175239906698279
52.85,1.3779371170187535,2.6051269791424954,-0.015292976357591699,0.1108816276967277,0.1175777440263112
52.900000000000006,1.383647901999992,2.6050376050516593,-0.01596258799055,0.1108282903921095,0.1176310811932935
52.95,1.3893586253523735,2.6049443763902005,-0.0166428670706684,0.1107753966781513,0.1176839747698906
53.0,1.3950692834424578,2.6048472325294916,-0.0173337248798424,0.1107229673882399,0.117736403920076
53.05,1.4007798725211773,2.604746113364012,-0.018035068533026,0.1106710220976393,0.1177883490712022
53.1,1.4064903887239175,2.6046409593340116,-0.0187468012303822,0.1106195801399657,0.1178397908882071
53.150000000000006,1.412200828070501,2.60453171144792,-0.0194688223052064,0.1105686605984026,0.1178907102890738
53.2,1.4179111864654617,2.604418311304469,-0.0202010272742735,0.1105182822873424,0.1179410884584205
53.25,1.423621459698346,2.6043007011145223,-0.0209433078913813,0.110468463738869,0.117990906865124
53.3,1.4293316434442338,2.6041788237225916,-0.0216955522040068,0.1104192231899094,0.1180401472719523
53.35,1.4350417332643364,2.604052622628021,-0.0224576446122111,0.1103705785658518,0.1180887917542066
53.400000000000006,1.440751724606756,2.6039220420058276,-0.023229465931046602,0.1103225392108462,0.1181368309676035
53.45,1.446461612807368,2.603787026727173,-0.024010895106722302,0.110275132243767,0.118184237792922
53.5,1.4521713930903721,2.6036475223606024,-0.0248018056616378,0.1102283839796464,0.1182309859153125
53.55,1.4578810605704504,2.6035034752331163,-0.0256020658552044,0.110182297805737,0.118277071947568
53.6,1.4635906102536131,2.603354832429565,-0.0264115432693875,0.1101368650304694,0.1183225045816887
53.650000000000006,1.469300037038373,2.603201541801346,-0.0272301072245094,0.1100921426898445,0.1183672267826008
53.7,1.4750093357160121,2.6030435519382182,-0.028057615633785102,0.1100481340560411,0.1184112352768197
53.75,1.480718500976053,2.6028808123270966,-0.0288939257558629,0.1100048411111844,0.1184545280829919
53.8,1.486427527403486,2.6027132732010783,-0.0297388944530437,0.1099622732809808,0.1184970957765391
53.85,1.4921364094846552,2.6025408856952765,-0.0305923767025995,0.10992045919791,0.118538909722438
53.900000000000006,1.4978451416047718,2.6023636017128484,-0.031454221755052296,0.1098794260445585,0.1185799427399469
53.95,1.503553718055779,2.6021813741246747,-0.032324273424591196,0.1098391447965119,0.118620223853521
54.0,1.5092621330339442,2.601994156632062,-0.033202381330292095,0.1097996528262439,0.1186597156917123
54.05,1.5149703806440225,2.6018019038380635,-0.0340883876168389,0.1097609623113957,0.118698406074735
54.1,1.5206784549017263,2.6016045712617926,-0.0349821319931728,0.1097230704790483,0.1187362977782373
54.150000000000006,1.5263863497365135,2.6014021153521933,-0.0358834547230917,0.1096859920756242,0.1187733760540382
54.2,1.5320940589930512,2.6011944934682028,-0.0367921931209331,0.1096497501994803,0.1188096178043672
54.25,1.5378015764355728,2.6009816639325147,-0.0377081798814218,0.1096143443650139,0.1188450235148393
54.3,1.5435088957503933,2.600763586030789,-0.038631247796404394,0.1095797689224673,0.1188795988350874
54.35,1.5492160105485262,2.600540220011562,-0.0395612307876664,0.1095460372659787,0.1189133303725032
54.400000000000006,1.5549229143679146,2.600311527073639,-0.0404979600983188,0.1095131725776506,0.1189461949432891
54.45,1.5606296006778404,2.6000774694094773,-0.0414412623348827,0.1094811830550824,0.1189781843495191
54.5,1.566336062882302,2.5998380102149046,-0.0423909624643263,0.1094500410654794,0.1190093262260244
54.55,1.5720422943235126,2.5995931136982584,-0.043346890980380894,0.109419778988006,0.1190395881934156
54.6,1.5777482882818146,2.5993427450083173,-0.044308871900921795,0.1093904016118653,0.1190689654617341
54.650000000000006,1.5834540379851472,2.5990868703803973,-0.045276728285908695,0.109361886634615,0.1190974803334497
54.7,1.5891595366064228,2.5988254570012916,-0.046250287655792095,0.1093342736366674,0.1191250932291604
54.75,1.594864777270579,2.598558473093507,-0.0472293696150414,0.1093075554403228,0.1191518113250296
54.8,1.6005697530582785,2.5982858879214286,-0.0482137952035121,0.1092817095596215,0.1191776571089996
54.85,1.6062744570084462,2.59800767176881,-0.049203389958449896,0.1092567524075304,0.1192026141669257
54.900000000000006,1.6119788821202814,2.5977237959099906,-0.0501979761343895,0.1092327080122704,0.1192266584708833
54.95,1.617683021360103,2.5974342326761413,-0.051197371180250695,0.1092095325142182,0.1192498338804901
55.0,1.6233868676645276,2.5971389554438185,-0.0522014013168779,0.1091872718356088,0.1192720944735716
55.05,1.6290904139395568,2.596837938546299,-0.053209883580674196,0.109165893904695,0.1192934723221059
55.1,1.634793653074454,2.59653115746695,-0.0542226414224153,0.1091453960403467,0.1193139701077044
55.150000000000006,1.6404965779314262,2.596218588572612,-0.0552394988291511,0.1091258092226982,0.1193335568494009
55.2,1.6461991813633832,2.595900209373984,-0.0562602735918214,0.1091070849039138,0.1193522810950025
55.25,1.6519014562075227,2.5955759983357916,-0.0572847932109302,0.1090892601068867,0.1193701058217651
55.3,1.6576033952935234,2.595245934955722,-0.058312877782418095,0.1090723180945306,0.1193870477678253
55.35,1.6633049914478681,2.5949099997697678,-0.0593443507497475,0.1090562493836335,0.1194031164151307
55.400000000000006,1.6690062374952044,2.594568174308511,-0.060379037452897195,0.1090661581478292,0.1193932075916483
55.45,1.6747071262636524,2.5942204411189986,-0.0614117423972791,0.1120102070530593,0.1164491596026056
55.5,1.6804076541626651,2.5938668409839356,-0.0618556376522338,0.1168132828005234,0.111646084966132
55.55,1.6861082320208693,2.5935140467340334,-0.0613389178687946,0.1185039052863651,0.1099554637501033
55.6,1.6918091223595226,2.5931663379341914,-0.060484073715168396,0.1181332095004799,0.1103261606899381
55.650000000000006,1.6975102951146321,2.592823290402827,-0.0597033688341143,0.1177655676181537,0.1106938036133938
55.7,1.7032117214743745,2.592484483445799,-0.058996192433638295,0.1174008389717855,0.1110585331909637
55.75,1.708913373766488,2.592149499721627,-0.058361961855556095,0.1170389427130083,0.1114204302738158
55.8,1.7146152253466092,2.591817925070555,-0.0578001106116368,0.1166797979399055,0.111779575765894
55.85,1.7203172504994413,2.5914893485151747,-0.057310088394235695,0.1163233046085663,0.1121360697138512
55.900000000000006,1.7260194243324596,2.5911633620884498,-0.056891364904764194,0.1159693849810969,0.1124899898575597
55.95,1.7317217226795147,2.590839560789863,-0.056543425392410494,0.1156179472490393,0.1128414280083673
56.0,1.737424122002338,2.590517542463595,-0.0562657734683433,0.1152689074328728,0.1131904681471401
56.05,1.743126599296808,2.5901969077219453,-0.05605792953977,0.1149221791360738,0.1135371966721517
56.1,1.7488291319998064,2.589877259840816,-0.0559194312933778,0.1145776828879557,0.113881693056647
56.150000000000006,1.7545316978993089,2.5895582046771493,-0.0558498323102469,0.1142353383614147,0.1142240376292207
56.2,1.760234275045948,2.589239350579814,-0.055848702237027495,0.113895066261041,0.1145643096875008
56.25,1.7659368416666459,2.588920308304776,-0.0559156265796735,0.1135567893783432,0.1149025864397048
56.3,1.7716393760796934,2.5886006909280868,-0.056050206285809596,0.1132204228219489,0.1152389527800517
56.35,1.7773418566119439,2.5882801137656304,-0.056252059281619894,0.112885906880452,0.1155734684219671
56.400000000000006,1.78304426151598,2.5879581942684653,-0.0565208154357714,0.1125531637666277,0.1159062111531004
56.45,1.7887465688932602,2.5876345519999586,-0.0568561201744187,0.1122221040328344,0.1162372704226664
56.5,1.794448756611674,2.5873088084899023,-0.057257636813401895,0.1118926824696795,0.1165666914410884
56.55,1.800150802229686,2.5869805871851033,-0.0577250377105428,0.1115648209289797,0.1168945523571794
56.6,1.8058526829219013,2.586649513404532,-0.0582580108533627,0.1112384405235991,0.1172209320598796
56.650000000000006,1.8115543754011234,2.5863152142149484,-0.0588562600069908,0.1109135052155415,0.1175458665872041
56.7,1.8172558558457657,2.5859773183845842,-0.059519496144157094,0.1105899211869152,0.1178694497589476
56.75,1.8229570998294993,2.585635456356781,-0.060247449001360295,0.110267643893022,0.1181917261199043
56.8,1.8286580822425789,2.585289260072214,-0.0610398572240485,0.1099465928983317,0.1185127761062871
56.85,1.834358777229792,2.584938363055266,-0.0618964755448441,0.1096267231149839,0.1188326448078169
56.900000000000006,1.840059158108148,2.5845824001548423,-0.0628170677141274,0.1093080063169611,0.1191513604495854
56.95,1.8457591973112342,2.5842210077117977,-0.0638014031273898,0.1089903383669401,0.1194690271696115
57.0,1.851458866310353,2.5838538233387176,-0.0648492720076569,0.1086736908503841,0.1197856733852915
57.05,1.8571581355494533,2.5834804859147957,-0.0659604702611477,0.1083579743376066,0.1201013885247899
57.1,1.8628569743778112,2.583100635538882,-0.067134811679866,0.108043202424056,0.1204161589930378
57.150000000000006,1.8685553509767507,2.5827139133859087,-0.0683721073367642,0.1077293156699202,0.1207300442298291
57.2,1.8742532323090355,2.5823199618954567,-0.0696721801927551,0.107416202898164,0.1210431554145328
57.25,1.8799505840350823,2.581918424462421,-0.07103487544439191,0.1071038663864837,0.1213554902684778
57.3,1.8856473704549175,2.5815089455084212,-0.0724600378325914,0.1067922843420411,0.121667070584736
57.35,1.8913435544423696,2.5810911704318933,-0.0739475164568608,0.1064813856725208,0.1219779674559798
57.400000000000006,1.8970390973843878,2.580664745625438,-0.0754971746352067,0.1061711081928951,0.122288243069002
57.45,1.9027339591073578,2.5802293183144753,-0.07710888812281741,0.1058614466594315,0.1225979026665964
57.5,1.9084280978180677,2.5797845365958327,-0.0787825337235339,0.1055523661414957,0.1229069811785009
57.55,1.9141214700399112,2.5793300494071074,-0.0805179952272344,0.1052438335273416,0.1232155117173261
57.6,1.9198140305494416,2.578865506498594,-0.0823151630462329,0.1049358175597729,0.1235235255392366
57.650000000000006,1.9255057323131373,2.5783905584078397,-0.0841739338441793,0.1046282839269387,0.1238310569585055
57.7,1.9311965264245972,2.5779048564368683,-0.0860942111473359,0.1043211250532169,0.1241382135533223
57.75,1.9368863620409633,2.5774080526208945,-0.0880759199973465,0.1040144730021164,0.1244448632543621
57.8,1.9425751863050362,2.576899799540024,-0.09011895902257111,0.1037081998721908,0.1247511339650157
57.85,1.9482629443303672,2.576379750834497,-0.0922232524318536,0.1034022955921575,0.1250570357587384
57.900000000000006,1.953949579070701,2.5758475604260505,-0.09438872644851161,0.1030967678397135,0.1253625609554832
57.95,1.959635031330808,2.5753028833024123,-0.0966153057600886,0.1027915262206176,0.1256677999524197
58.0,1.965319239637181,2.5747453747805893,-0.0989029331332688,0.1024866948166823,0.1259726286634426
58.05,1.9710021402306177,2.574174691069379,-0.1012515265179449,0.1021821411128485,0.1262771796075481
58.1,1.9766836669825365,2.5735904890219268,-0.10366103036741481,0.1018778695133055,0.1265814483812943
58.150000000000006,1.9823637513321444,2.572992426116053,-0.1061313882542137,0.1015738973495125,0.1268854176515976
58.2,1.9880423222325736,2.5723801605196543,-0.10866254028442221,0.1012702189451544,0.1271890930948288
58.25,1.993719306091969,2.5717533511018265,-0.1112544276993896,0.100966830999491,0.1274924780105192
58.3,1.999394626715046,2.571111657447417,-0.1139069924004925,0.1006637326384441,0.1277955732733173
58.35,2.005068205245319,2.570454739875055,-0.1166201764639798,0.1003609254573596,0.1280983772897502
58.400000000000006,2.0107399601079674,2.5697822594587345,-0.1193939216472188,0.100058396203577,0.1284009033143155
58.45,2.0164098069533747,2.569093878053005,-0.1222281723582927,0.0997560900831355,0.1287032061423038
58.5,2.022077658596534,2.568389258282475,-0.1251228839642095,0.0994541857085037,0.1290051071526801
58.55,2.0277434249487722,2.567668063474542,-0.1280779761086272,0.0991526015673629,0.1293066878628153
58.6,2.0334070130254918,2.56692995817949,-0.1310933847381724,0.0988512642307694,0.1296080217063123
58.650000000000006,2.0390683268046246,2.5661746075152285,-0.1341690604857267,0.0985503320287851,0.1299089503480331
58.7,2.0447272672378833,2.5654016777073476,-0.13730492231765148,0.0982497719295231,0.1302095068231205
58.75,2.0503837321773983,2.564610835960751,-0.1405008958070112,0.0979495294661519,0.1305097456019335
58.8,2.0560376163338407,2.5638017505675914,-0.14375691742058938,0.0976497668065192,0.1308095045086661
58.85,2.061688811194537,2.562974090732515,-0.14707289119080408,0.0973504971032362,0.1311087703957933
58.900000000000006,2.0673372050551237,2.5621275271719623,-0.15044871852005978,0.0970515314676803,0.1314077321627618
58.95,2.0729826828910762,2.561261731604077,-0.1538843385895679,0.0967531583278982,0.1317061013667272
59.0,2.0786251263222235,2.5603763768932755,-0.15737963289345078,0.0964554080976126,0.132003847592615
59.05,2.084264413648868,2.5594711376201373,-0.1609344768429511,0.0961581646426037,0.1323010869880327
59.1,2.0899004197328734,2.558545689644386,-0.164548769077494,0.0958615474451045,0.1325977000681031
59.150000000000006,2.095533015983749,2.5575997103456922,-0.16822238433979378,0.0955656082145294,0.1328936351249697
59.2,2.101162070324843,2.5566328787201997,-0.1719551870308379,0.095270396621289,0.1331888424895348
59.25,2.1067874471598955,2.5556448754696497,-0.1757470316176624,0.0949759646256393,0.1334832702037439
59.3,2.112409007342062,2.554635383094723,-0.17959776217547288,0.0946822600006722,0.1337769704992014
59.35,2.118026608145214,2.5536040859906812,-0.18350723322532578,0.0943895319548079,0.1340696941528454
59.400000000000006,2.1236401031925043,2.5525506703081877,-0.18747524944512958,0.10024996008993,0.1282092615662538
59.45,2.129249342558119,2.5514748247272303,-0.190271179592762,0.1138293753510759,0.1146299802042223
59.5,2.1348568624969277,2.55039003518597,-0.19035124007807658,0.1210499630372149,0.1074093951053774
59.55,2.1404659328756632,2.5493132908160194,-0.1889871832848929,0.1203258031130832,0.1081335587386425
59.6,2.146076391527249,2.548243803214452,-0.1877679588474488,0.1195909903032988,0.1088683747527183
59.650000000000006,2.1516880709834476,2.5471807394313224,-0.1866956972923907,0.1188733623437622,0.1095860054434687
59.7,2.1573008104187905,2.546123286010582,-0.1857669616023614,0.1181717068274902,0.1102876632519504
59.75,2.162914454927137,2.5450706475661966,-0.18497855724480738,0.1174849375526635,0.1109744344073069
59.8,2.1685288548885575,2.544022045653689,-0.18432750693027178,0.1168119174242673,0.1116474560300445
59.85,2.1741438653617737,2.542976717614205,-0.1838110607908495,0.1161516214329366,0.1123077531524349
59.900000000000006,2.1797593454854463,2.5419339153184155,-0.1834266739627993,0.1155030979527084,0.1129562774209956
59.95,2.185375157967152,2.5408929042507946,-0.183171991909628,0.1148653895166757,0.1135939863195584
60.0,2.1909911685591377,2.5398529624084834,-0.1830448515899163,0.1142376203236558,0.1142217556650695
60.05,2.1966072455833627,2.5388133793640937,-0.1830432651240577,0.1136189412703738,0.1148404345762859
60.1,2.20222325947524,2.537773455340958,-0.1831654144546489,0.1130085459223408,0.1154508294977579
60.150000000000006,2.2078390823491563,2.536732500330096,-0.18340964281219058,0.1124056587249567,0.116053715995115
60.2,2.2134545875855274,2.5356898332565696,-0.18377444853920638,0.1118095438564496,0.1166498299003972
60.25,2.2190696494311886,2.5346447811620516,-0.1842584771436012,0.1112194782489702,0.1172398942876714
60.3,2.224684142621439,2.5335966784576227,-0.18486051874747128,0.1106347758606446,0.1178245952053189
60.35,2.2302979420012,2.532544866133011,-0.18557950068193868,0.1100547833835567,0.118404585966808
60.400000000000006,2.2359109221752105,2.531488691091343,-0.18641448094026378,0.1094788674396182,0.1189804999526147
60.45,2.241522957152699,2.530427505431465,-0.18736464419156348,0.1089064092727042,0.1195529559239821
60.5,2.247133920013571,2.529360665827675,-0.1884292988566913,0.1083367711365641,0.1201225916274785
60.55,2.2527436825642337,2.528287532845806,-0.18960788090578268,0.107769417503585,0.1206899425925936
60.6,2.258352114998336,2.527207470281955,-0.1908999334146836,0.107203775947502,0.1212555812437106
60.650000000000006,2.263959085597128,2.52611984471016,-0.19230511394430438,0.1066392900663621,0.1218200639833849
60.7,2.2695644603730534,2.525024024741169,-0.1938231913360067,0.1060754164117487,0.1223839342573278
60.75,2.2751681027741903,2.523919380609443,-0.19545404312056458,0.1055116012914944,0.1229477457567843
60.8,2.280769873327921,2.5228052834651407,-0.1971976575670936,0.1049473729804121,0.1235119702014978
60.85,2.2863696293341578,2.5216811049428167,-0.1990541172892022,0.1043822230278753,0.124077116036299
60.900000000000006,2.2919672245364997,2.5205462166424772,-0.20102360659004448,0.10381564984995,0.1246436848430429
60.95,2.297562508789538,2.5193999896218013,-0.2031064100893538,0.1032470845407481,0.1252122455225751
61.0,2.303155327721102,2.5182417938992008,-0.20530292618753648,0.1026761189451816,0.1257832062209058
61.05,2.3087455223541546,2.5170709978028696,-0.2076136349151089,0.1021023678500549,0.1263569521404142
61.1,2.3143329288282817,2.515886967841489,-0.2100390933441449,0.1015250840199912,0.1269342305165903
61.150000000000006,2.3199173780168483,2.5146890681130483,-0.2125800079938048,0.1009440659059997,0.1275152428814995
61.2,2.3254986950578296,2.513476659376136,-0.21523712569135478,0.1003587421171322,0.1281005606170764
61.25,2.331076699211753,2.512249099688202,-0.2180113075413492,0.0997685922445163,0.1286907041247795
61.3,2.3366512031912485,2.5110057426624235,-0.2209035187293755,0.0991732975313088,0.1292859921462099
61.35,2.342222013024188,2.509745938231093,-0.22391478819086558,0.0985721925821272,0.1298870900689949
61.400000000000006,2.347788927452548,2.5084690313665425,-0.2270462779395524,0.0979650687704286,0.1304942064985947
61.45,2.3533517375999966,2.5071743620849425,-0.23029919171236898,0.0973512533635408,0.1311080141628908
61.5,2.3589102265714956,2.505861265200505,-0.23367486779230398,0.0967303185312187,0.1317289408740473
61.55,2.36446416885337,2.504529069312277,-0.2371747300265868,0.0961019995453938,0.1323572513312993
61.6,2.3700133300074095,2.503177097121009,-0.2408002552051774,0.0954656619599334,0.1329935799742028
61.650000000000006,2.3755574661242695,2.5018046647972025,-0.2445530470066043,0.0948208510956728,0.1336383814666406
61.7,2.3810963232873488,2.5004110814963725,-0.24843480004370108,0.0941671787059992,0.1342920440330514
61.75,2.3866296370823212,2.498995649148836,-0.2524472865764063,0.0935042043651381,0.1349550080799715
61.8,2.3921571320594666,2.4975576621454065,-0.2565923669478897,0.0928312344007068,0.1356279672688618
61.85,2.3976785211756586,2.4960964070359926,-0.2608720402347052,0.0921482573349244,0.1363109330251636
61.900000000000006,2.4031935050632423,2.4946111616834745,-0.26528830780372914,0.0914544776872162,0.1370047008250536
61.95,2.408701771831269,2.493101196496349,-0.2698433301175128,0.0907494466940231,0.137709719406531
62.0,2.4142029958196822,2.491565771884428,-0.2745393573887636,0.0900330503393713,0.1384261027387761
62.05,2.419696837566952,2.4900041402868043,-0.27937866262870414,0.0893044258527523,0.1391547135968971
62.1,2.425182942707697,2.4884155444025446,-0.2843636914031186,0.0885632986479632,0.1398958265345722
62.150000000000006,2.4306609414398106,2.4867992176053146,-0.2894969441917795,0.0878092212580855,0.1406498889796292
62.2,2.4361304477208536,2.485154383510865,-0.29478101096393383,0.0870418243361023,0.141417270238269
62.25,2.441591058578344,2.4834802560525624,-0.3002185555541505,0.0862606719931267,0.1421984061672224
62.3,2.447042353299677,2.4817760392654886,-0.30581232897156013,0.0854653060476049,0.1429937549254682
62.35,2.452483892643408,2.480040927263756,-0.3115651738593464,0.0846552192309449,0.1438038237586539
62.400000000000006,2.457915217951869,2.478274104028115,-0.3174800343121173,0.0838301817801707,0.1446288423782411
62.45,2.4633358502637703,2.4764747433322536,-0.3235599003719244,0.0829897057334172,0.1454692987133965
62.5,2.4687452895613187,2.4746420091912356,-0.3298078596699223,0.0821335409762304,0.146325442829744
62.55,2.474143013635269,2.4727750552891448,-0.33622704985527363,0.081261132638181,0.1471978295697005
62.6,2.4795284774488024,2.470873026005376,-0.34282071954842563,0.0803724804389853,0.1480864591431495
62.650000000000006,2.4849011117002853,2.4689350552569733,-0.349592117418842,0.0794671396784264,0.1489917762321853
62.7,2.490260322561841,2.4669602687866705,-0.35654458107421794,0.0785444595840053,0.1499144316066077
62.75,2.4956054898240447,2.4649477821304187,-0.3636815782764781,0.077604969644699,0.1508538956602806
62.8,2.500935966418891,2.4628967025410136,-0.37100647087803634,0.0766478311771361,0.1518110070904915
62.85,2.5062510774375943,2.460806129569798,-0.3785227884693718,0.0756731348787338,0.1527856751398322
62.900000000000006,2.511550118500557,2.45867515415113,-0.3862340424954817,0.0746808823960099,0.1537778981041943
62.95,2.5168323554861542,2.456502861256452,-0.3941437440663001,0.0736708406397042,0.154787909055913
63.0,2.5220970227677277,2.4542883288882917,-0.40225545090792103,0.0726430633057316,0.1558156542653592
63.05,2.5273433227228956,2.452030630325197,-0.41057271000388373,0.0715974482032044,0.1568612358777927
63.1,2.532570424154148,2.44972883383443,-0.4190990887713426,0.0705347847403194,0.1579238643683652
63.150000000000006,2.5377774616440982,2.4473820046867054,-0.42783799673414713,0.0694546082695893,0.1590040044449916
63.2,2.5429635347764386,2.4449892068383297,-0.4367929363516874,0.068357308615096,0.160101266253895
63.25,2.5481277063163246,2.442549502434901,-0.4459673321155673,0.0672436661278742,0.161214869351653
63.3,2.55326900223087,2.440061955382083,-0.4553644524379452,0.0661139384043814,0.1623445561381127
63.35,2.5583864102525045,2.4375256317689558,-0.46498751421131834,0.0649688956862238,0.1634895563581257
63.400000000000006,2.5634788794520325,2.4349396024485648,-0.47483958027850853,0.063808938947475,0.1646494690812634
63.45,2.5685453193412426,2.432302944625979,-0.4849236332918873,0.062635308511536,0.1658230539294736
63.5,2.573584599134105,2.429614743782474,-0.4952424078336811,0.0614487914409023,0.1670095238610458
63.55,2.5785955478151275,2.4268740970594744,-0.5057984810756955,0.060250578795377,0.1682076878044984
63.6,2.5835769530249864,2.4240801143517032,-0.5165941919766076,0.0590422684390421,0.169415947874387
63.650000000000006,2.588527561718578,2.4212319225676704,-0.5276315599201421,0.0578249014909249,0.1706332630652752
63.7,2.5934460796549,2.418328667600341,-0.5389123960775771,0.0566002521088078,0.1718578592622029
63.75,2.5983311716377795,2.4153695175152974,-0.5504381567929166,0.0553703364530726,0.1730877203374551
63.8,2.6031814620436307,2.412353666010462,-0.5622098951813549,0.0555721876820769,0.1728858132655431
63.85,2.6079955356249367,2.409280336069358,-0.5739412577397015,0.0591690188358228,0.1692892709547543
63.900000000000006,2.612773742348713,2.4061515209000586,-0.5849532829515947,0.0626250529504675,0.1658333115487449
63.95,2.617518974254559,2.4029729143888225,-0.5952741088114224,0.0639016734648161,0.1645567382889239
64.0,2.6222315862575085,2.3997461409542904,-0.6053396152938332,0.0650800236714909,0.1633784327270859
64.05,2.626911874310402,2.3964726573084696,-0.6151694561993927,0.0662185078408726,0.1622399906596437
64.10000000000001,2.6315601441352285,2.393153863687844,-0.6247716044812698,0.0673178352449897,0.1611407030024701
64.15,2.6361767097248867,2.389791106341895,-0.6341538912570178,0.068379527913818,0.1600790478263661
64.2,2.6407618906819623,2.3863856781589576,-0.6433238432482726,0.0694045218936778,0.1590540892406222
64.25,2.6453160121607877,2.3829388226090424,-0.6522887999829671,0.0703940495044832,0.1580645950368589
64.3,2.64983940171241,2.379451733259697,-0.6610558545362046,0.0713495730218142,0.1571091030313346
64.35000000000001,2.6543323899703597,2.3759255581819536,-0.6696318075371567,0.0722714397039432,0.156187266160392
64.4,2.658795308076674,2.37236139984448,-0.6780233901828016,0.073161663089256,0.1552970708768673
64.45,2.6632284870917435,2.3687603174344636,-0.6862369309615627,0.0740210927230993,0.1544376677757957
64.5,2.6676322580210705,2.365123329686003,-0.6942785884668323,0.0748500706255297,0.1536087150281109
64.55,2.672006949820349,2.3614514150457535,-0.7021544529070904,0.0756504776812324,0.1528083317304214
64.60000000000001,2.676352888890248,2.3577455135563254,-0.7098702383120093,0.0764230327466412,0.1520357991179026
64.65,2.6806703995311003,2.3540065296667243,-0.7174315149491355,0.0771685805070504,0.1512902726014814
64.7,2.6849598019342293,2.350235332011957,-0.7248436841585786,0.077888223795911,0.1505706494062607
64.75,2.6892214130121324,2.346432756373498,-0.7321119267196136,0.0785827826470375,0.1498761095849976
64.8,2.6934555449247646,2.342599605861666,-0.7392412594134096,0.0792529298264828,0.1492059804506624
64.85000000000001,2.6976625056631227,2.338736653312249,-0.7462365644758275,0.0798997746799552,0.1485591526771652
64.9,2.7018425974717397,2.334844641184536,-0.7531025022755485,0.0805241268467834,0.1479348166696
64.95,2.7059961182622527,2.3309242846206293,-0.7598435712578302,0.0811266360655958,0.1473323227628485
65.0,2.710123359686711,2.326976270798168,-0.7664641399275555,0.0817079950220648,0.1467509783323554
65.05,2.714224608441649,2.323001261651453,-0.7729684382585845,0.0822689179232434,0.146190069213515
65.10000000000001,2.7183001444917307,2.3189998932721734,-0.7793605533876117,0.0828102040093982,0.1456487961872644
65.15,2.7223502425320936,2.314972778598459,-0.7856444126053983,0.0833324717364299,0.1451265408364718
65.2,2.7263751704266834,2.310920506925747,-0.7918238195154025,0.083836310067833,0.1446227142449386
65.25,2.7303751904931213,2.306843646235608,-0.797902459933113,0.0843221885884865,0.1441368468757581
65.3,2.7343505579573315,2.3027427426366693,-0.8038839257618402,0.0847909364752362,0.1436681095636659
65.35000000000001,2.738301522135438,2.2986183224487586,-0.8097716430706832,0.0852428216716463,0.1432162344188928
65.4,2.7422283255371656,2.294470892191624,-0.8155689843454078,0.0856785746387976,0.1427804909971529
65.45,2.7461312042044814,2.2903009397305345,-0.8212791759812433,0.0860983499945528,0.1423607247247799
65.5,2.7500103876347715,2.2861089349681722,-0.826905413454266,0.0865030749598579,0.1419560083621769
65.55,2.753866098220032,2.2818953300563507,-0.832450706794498,0.0868929327775682,0.1415661587088947
65.60000000000001,2.7576985525229745,2.277660561253025,-0.8379180293876306,0.0872682927923009,0.1411908064522029
65.65,2.761507959512644,2.273405047957979,-0.8433102807536208,0.0876296867981741,0.1408294198125426
65.7,2.7652945222101826,2.2691291948198953,-0.8486302540550577,0.0879772354231095,0.1404818781928357
65.75,2.769058436230165,2.264833391010182,-0.8538807183320303,0.0883117168792888,0.14014740336555
65.8,2.7727998907785723,2.2605180116668793,-0.8590642869806564,0.0886331716529456,0.1398259548881089
65.85000000000001,2.7765190683525103,2.2561834181466103,-0.8641835653041727,0.0889417597341792,0.139517372801551
65.9,2.7802161445129108,2.251829958328425,-0.8692411266109099,0.0892380350863275,0.1392211031271761
65.95,2.783891287813815,2.2474579670357064,-0.8742394334149948,0.0895223866649781,0.138936756912142
66.0,2.787544660292846,2.243067766902802,-0.8791808704397112,0.0897947332563562,0.138664415413324
66.05,2.7911764171476525,2.238659668528291,-0.884067838655408,0.0900553416228445,0.1384038118797626
66.10000000000001,2.7947867064280425,2.2342339706371273,-0.8889026856810998,0.0903047166916018,0.1381544413717408
66.15,2.798375669343304,2.229790960733102,-0.8936876581491137,0.0905428043903659,0.1379163579876623
66.2,2.8019434404028183,2.225330915586085,-0.8984250135088433,0.0907697312086788,0.1376894352513415
66.25,2.8054901467550315,2.2208541010641927,-0.9031169839131096,0.090985920558786,0.1374732497380482
66.3,2.80901590866647,2.216360772870994,-0.9077657168310357,0.0911913396339534,0.1372678342741105
66.35000000000001,2.812520839409897,2.2118511767889695,-0.9123733662950515,0.0913860967860441,0.1370730805237557
66.4,2.816005044946009,2.207325548756,-0.9169420646688227,0.0915702186790007,0.136888961832961
66.45,2.8194686240785094,2.2027841153018994,-0.9214739389842187,0.0917440519027438,0.1367151315963503
66.5,2.8229116679991857,2.198227093507079,-0.9259710469535793,0.0919074470075399,0.1365517392829485
66.55,2.8263342610420406,2.1936546918691735,-0.9304354761811201,0.0920603913426432,0.1363987975503633
66.60000000000001,2.8297364793345117,2.189067109574663,-0.9348693168018921,0.0922031458904076,0.1362560454007271
66.65,2.8331183918143097,2.184464537545639,-0.9392746067529241,0.0923356221097373,0.1361235713847721
66.7,2.836480059387063,2.1798471580872336,-0.9436534016804278,0.0924577190676572,0.1360014764507927
66.75,2.8398215353181016,2.175215145445533,-0.9480077774187413,0.0925693443242534,0.1358898530449557
66.8,2.843142864367706,2.1705686654462895,-0.9523398282908113,0.0926706475338143,0.1357885514985876
66.85000000000001,2.846444083206869,2.165907876061428,-0.9566516186872888,0.0927613826851476,0.1356978178328034
66.9,2.849725220006188,2.1612329273726756,-0.9609452622020543,0.0928415180530379,0.1356176837715412
66.95,2.8529862941232,2.156543961610933,-0.9652228787739047,0.0929107678204765,0.135548435140278
67.0,2.8562273160933134,2.1518411134074324,-0.9694866455058849,0.0929690804431407,0.1354901234703634
67.05,2.8594482868419124,2.147124509507945,-0.9737387498086071,0.0930163888382013,0.1354428158343718
67.10000000000001,2.8626491981187256,2.1423942693319353,-0.9779813925082241,0.0930520911584121,0.1354071140989366
67.15,2.8658300316817233,2.137650504673326,-0.9822168948022765,0.0930762688653665,0.1353829367783689
67.2,2.868990758720272,2.1328933195823407,-0.9864475615935769,0.0930884996222914,0.135370706211574
67.25,2.872131340331034,2.128122810950911,-0.9906757822525051,0.0930883051144038,0.1353709007182136
67.3,2.8752517259817285,2.1233390677672754,-0.9949040418128862,0.0930755156570795,0.1353836899652805
67.35000000000001,2.8783518538778887,2.118542171643379,-0.9991348592437062,0.0930494389484399,0.1354097662610938
67.4,2.881431650007124,2.1137321964791553,-1.0033708919749715,0.0930097849559703,0.1354494196151896
67.45,2.8844910275008155,2.1089092083548797,-1.0076148554408932,0.0929560046888562,0.1355031990091266
67.5,2.8875298864412793,2.104073265718081,-1.0118695748729205,0.0928871991828186,0.1355720034124699
67.55,2.8905481127166337,2.099224418980731,-1.0161380552958856,0.092802985737317,0.1356562154897702
67.60000000000001,2.893545577138293,2.0943627103117843,-1.020423378271131,0.0927025859200764,0.1357566136559879
67.65,2.8965221352817245,2.0894881738940203,-1.024728781044722,0.0925849340429694,0.1358742636009145
67.7,2.8994776258221,2.084600835274352,-1.0290577140005166,0.0924491955440592,0.1360099998635927
67.75,2.9024118697978576,2.07970071131983,-1.03341379443247,0.0922942126924227,0.1361649801490979
67.8,2.905324669372637,2.074787809897728,-1.0378008711781372,0.0921190171918888,0.1363401727115658
67.85000000000001,2.9082158064438848,2.0698621295038797,-1.0422229867301052,0.0919221878702915,0.1365369987014032
67.9,2.911085041751322,2.0649236592239064,-1.0466844678132163,0.0917019873340953,0.1367571954963277
67.95,2.9139321125635123,2.059972377907157,-1.0511899886294398,0.0914571109624216,0.137002067650379
68.0,2.9167567311249156,2.0550082538489423,-1.0557444842982353,0.0911856517473193,0.1372735221273376
68.05,2.9195585831571025,2.0500312445542535,-1.0603532713362371,0.0908852733926155,0.1375738951892444
68.10000000000001,2.9223373250690536,2.0450412958365853,-1.0650221335159,0.0911519264465606,0.1373072362128654
68.15,2.925092581550195,2.040038341224556,-1.0696376644925305,0.0971428944382454,0.1313163431552885
68.2,2.927825144029102,2.0350229532211195,-1.0730550093642348,0.1037272850356367,0.1247320600966144
68.25,2.930546144953291,2.0300012802720944,-1.0751554868703326,0.1042633866389363,0.1241959515224054
68.3,2.9332576151533893,2.0249744549718,-1.0771487433586795,0.1033015159506094,0.1251578145595338
68.35000000000001,2.935958575371893,2.0199419749709686,-1.079334373219572,0.1023412289939765,0.1261180931759423
68.4,2.9386480459894933,2.014903345546608,-1.0817120596377685,0.1013803203184815,0.1270789928045113
68.45,2.941325044236604,2.00985807880635,-1.0842819268863715,0.1004167592077978,0.1280425441354474
68.5,2.9439885820075973,2.004805693246533,-1.0870445053791364,0.0994482864430666,0.1290110063621962
68.55,2.9466376634093856,1.9997457132050829,-1.0900007773710494,0.0984729115053338,0.1299863699647783
68.60000000000001,2.9492712820943074,1.9946776682488319,-1.0931521232169936,0.0974886625922955,0.1309706067001293
68.65,2.951888419327883,1.9896010929978236,-1.0965003176277772,0.0964934045477935,0.1319658516847063
68.7,2.9544880413319627,1.9845155266296746,-1.1000475623414685,0.0954851590978226,0.1329740831359941
68.75,2.957069096990136,1.9794205126414022,-1.1037964547452856,0.0944619029157169,0.1339973243213001
68.8,2.9596305154732168,1.9743155986437801,-1.1077499968858442,0.093421592951543,0.1350376182226348
68.85000000000001,2.9621712038147376,1.9692003362132966,-1.1119115994129531,0.0923621731925219,0.1360970207757719
68.9,2.9646900444539463,1.9640742808193148,-1.1162850841712781,0.0912815695520598,0.137177605983967
68.95,2.9671858927392742,1.9589369918318476,-1.1208746878144689,0.0901776851838332,0.1382814706026648
69.0,2.9696575743857236,1.953788032616357,-1.125685066356352,0.0890481793745492,0.1394109552566449
69.05,2.9721038828802695,1.948626970722494,-1.1307213439445618,0.0878910199747734,0.1405680919682745
69.10000000000001,2.974523576380523,1.9434533779661538,-1.1359890511439117,0.0867039322552419,0.1417551553445527
69.15,2.9769153756999027,1.9382668311662445,-1.1414941734528428,0.0854844438251774,0.1429746176584097
69.2,2.9792779606444535,1.9330669122617319,-1.1472431908361662,0.0842300831135034,0.1442289503439542
69.25,2.9816099675276084,1.9278532091509757,-1.153243077559211,0.0829385517374033,0.145520451602061
69.3,2.9839099854376,1.9226253161487226,-1.1595012675456768,0.0816071757002479,0.1468517952574311
69.35000000000001,2.986176554051623,1.9173828353333235,-1.1660257295013952,0.0802332876220099,0.1482256485004248
69.4,2.9884081590483746,1.9121253770527142,-1.1728249655892367,0.0788142123918528,0.149644686231955
69.45,2.990603229872745,1.906852561694554,-1.1799080129732469,0.0773469210277736,0.1511119372280004
69.5,2.9927601350591857,1.9015640206656965,-1.1872845145932696,0.0758287040734123,0.1526301106803911
69.55,2.994877179190235,1.8962593983491325,-1.1949646552539672,0.0742563134376305,0.1542024544279873
69.60000000000001,2.996952598828187,1.8909383539299822,-1.2029592693530031,0.0726267884070299,0.1558319288727974
69.65,2.998984558277828,1.8856005634944901,-1.2112797833995799,0.0709369734825605,0.1575216891920884
69.7,3.000971146077657,1.8802457227631515,-1.2199382549705327,0.0691832658157632,0.1592753379266022
69.75,3.002910370308302,1.8748735497486049,-1.2289474621816165,0.0673626376997517,0.1610959023619908
69.8,3.0048001540971674,1.8694837879207684,-1.2383207886478405,0.0654716360243274,0.1629868352030179
69.85000000000001,3.0066383321489285,1.8640762101707737,-1.2480723085657095,0.0635066340642921,0.1649517627733756
69.9,3.0084226453465206,1.8586506225674428,-1.2582168214366176,0.0614642475315626,0.1669940688849632
69.95,3.01015073694405,1.8532068691846222,-1.268769803571958,0.0593410425548709,0.1691171868910132
70.0,3.011820147753864,1.847744837129238,-1.2797474180055721,0.0571336563055097,0.1713244790660856
70.05,3.013428312344855,1.8422644624696733,-1.2911665002816297,0.054838837453778,0.1736191961683344
70.10000000000001,3.014972554538013,1.8367657365487962,-1.3030445361530854,0.0524532550465955,0.1760046685856314
70.15,3.0164500840663013,1.831248713276505,-1.315399677506989,0.0499740475695518,0.178483757173453
70.2,3.0178579921703337,1.8257135167928107,-1.3282506484673788,0.047398943629537,0.1810587325932529
70.25,3.019193249656224,1.8201603504809607,-1.3416166273637506,0.0447254113292111,0.1837321261408381
70.3,3.020452704253758,1.8145895064575162,-1.3555172988449133,0.0419515860176253,0.1865058018138408
70.35000000000001,3.0216330786658565,1.809001375953358,-1.3699727204245349,0.039077056164031,0.1893801703185063
70.4,3.0227309700906857,1.80339646073305,-1.3850030318399824,0.0361010052910764,0.1923560475539015
70.45,3.023742852353142,1.797775385666076,-1.400628536066265,0.033024432169951,0.1954324340481114
70.5,3.024665075505573,1.7921389114327018,-1.416869336254081,0.0298494831650734,0.1986071828190275
70.55,3.025493873201745,1.7864879491673729,-1.4337451062194766,0.0265786049844326,0.2018778468464628
70.60000000000001,3.026225366221708,1.7808235748019887,-1.4512750304056794,0.0232174672275135,0.2052387559336714
70.65,3.026855572073035,1.7751470446758355,-1.4694771592762954,0.0197726443103004,0.2086833354394276
70.7,3.027380417543152,1.7694598114812474,-1.488368228389208,0.0162525827742577,0.2122031389466862
70.75,3.027795752300936,1.7637635401103524,-1.5079632840064507,0.0126685650101052,0.215786884304445
70.8,3.0280973678178267,1.7580601235219455,-1.5282751159358847,0.009034261159203,0.2194209019089986
70.85000000000001,3.028281019686005,1.7523516979115745,-1.5493137800108643,0.0053663612647904,0.2230885025714836
70.9,3.0283424543512485,1.7466406567378097,-1.5710859941415338,0.0016842659254671,0.2267702871165837
70.95,3.0282774407179436,1.7409296629555497,-1.5935945962606453,-0.0019898831209866,0.2304441157981415
71.0,3.028081805398649,1.7352216587430942,-1.616837996152558,-0.005629641916762,0.2340835468314097
71.05,3.027751472717996,1.7295198720065252,-1.6408093150273753,-0.0092069109387018,0.2376604839061966
71.10000000000001,3.0272825115821096,1.7238278185695801,-1.665496054511865,-0.0126904951546052,0.241143735623775
71.15,3.026671180543389,1.7181492997233814,-1.6908794775897031,-0.0160452068961439,0.2444981179453117
71.2,3.025913982297719,1.7124883935528967,-1.7169338100738487,-0.0139075651770376,0.2423601548581682
71.25,3.0250077174863166,1.7068494397337808,-1.7425605820773693,-0.0024254630991004,0.2308801362665758
71.3,3.023961491755798,1.7012347159847139,-1.765891142013937,0.0071247410994929,0.2213302720937088
71.35000000000001,3.022793175984877,1.6956441125810007,-1.7873116951133585,0.0107083718308515,0.2177469260756587
71.4,3.021507439271635,1.6900793331093873,-1.8080155505378392,0.0140981960220838,0.2143573645426328
71.45,3.020108693653027,1.6845418720336762,-1.8280414673898941,0.0173283959994262,0.2111274067484979
71.5,3.0186011646824427,1.6790330255088948,-1.8474213684648013,0.0204022058334142,0.2080538200112448
71.55,3.0169888891668966,1.6735539138105964,-1.8661865298825846,0.0233238145902591,0.2051324165928058
71.60000000000001,3.015275718292822,1.6681055010568484,-1.8843673900828393,0.0260974970779481,0.2023589231054167
71.65,3.013465319357294,1.6626886139760504,-1.9019935326855861,0.02872866223057,0.1997279318018647
71.7,3.0115611806220186,1.6573039584369387,-1.9190934596427158,0.0312226362170249,0.1972341177128962
71.75,3.009566616778854,1.6519521344174422,-1.9356946077923025,0.033584986294334,0.1948719147174506
71.8,3.007484774618213,1.6466336496256408,-1.9518233006346142,0.0358214162884566,0.1926356200447669
71.85000000000001,3.0053186398011427,1.6413489314817258,-1.967504721010245,0.0379372788502501,0.1905198820704161
71.9,3.003071043428264,1.6360983379886451,-1.9827629813322618,0.0399385147753913,0.1885187608060697
71.95,3.0007446685289456,1.6308821675488845,-1.9976210059353297,0.0418302771775709,0.1866271040087637
72.0,2.998342058194822,1.6257006669970235,-2.0121006886184487,0.0436176981741422,0.184839780326015
72.05,2.9958656206545093,1.620554040015632,-2.026222896833636,0.0453062435340026,0.1831513245849494
72.10000000000001,2.9933176375059856,1.6154424532126808,-2.0400074049387307,0.0469004054204117,0.1815572453227324
72.15,2.9907002695705818,1.6103660424279684,-2.0534730889289627,0.0484048283472913,0.1800528986155645
72.2,2.988015563137878,1.6053249180989277,-2.06663789595579,0.0498239553290485,0.1786338419524262
72.25,2.985265456134275,1.600319169935024,-2.079518884618128,0.0511619563509065,0.1772959058102393
72.3,2.982451783912657,1.5953488711141461,-2.092132279564061,0.052422798856394,0.1760351231762312
72.35000000000001,2.979576284799366,1.5904140819913335,-2.104493511996045,0.0536101239185666,0.1748478534028492
72.4,2.976640605390834,1.5855148533748633,-2.116617284944473,0.0547272622126644,0.1737307662007444
72.45,2.973646305355771,1.5806512295698587,-2.128517635343281,0.0557776936825988,0.1726803818935569
72.5,2.9705948620213043,1.5758232510838344,-2.140207904164377,0.056764621824289,0.1716934972562035
72.55,2.9674876753522113,1.5710309566321095,-2.1517007917075683,0.0576904571232016,0.1707677021429809
72.60000000000001,2.96432607187664,1.5662743853830041,-2.1630085162095463,0.0585583122118595,0.1698998840957379
72.65,2.96111130803272,1.5615535792452344,-2.174142673397934,0.0593706179246551,0.1690876125103753
72.7,2.957844575321062,1.5568685835889913,-2.185114372856506,0.0601295032593584,0.1683287586394177
72.75,2.954527002249017,1.552219449819645,-2.195934298394512,0.0608372559880648,0.1676210348774792
72.8,2.9511596587985816,1.5476062359450706,-2.2066126762834535,0.0614958840364463,0.1669624334443218
72.85000000000001,2.9477435585904423,1.5430290084944962,-2.2171593312242406,0.0621074257025384,0.1663509161628991
72.9,2.944279662716796,1.5384878429936064,-2.227583680270277,0.062673319521402,0.1657850446745975
72.95,2.940768881878702,1.5339828254560355,-2.2378948527855966,0.0631953889195392,0.1652629956451591
73.0,2.9372120790346585,1.5295140533145746,-2.2481016134581586,0.0636751006502764,0.1647833024369446
73.05,2.9336100721650102,1.5250816360593702,-2.2582124336368254,0.0641135812872567,0.1643448386105411
73.10000000000001,2.9299636362020527,1.5206856963666624,-2.268235559369154,0.0645123115319069,0.1639461235151852
73.15,2.9262735051289317,1.5163263709597572,-2.2781789405674817,0.0648724491757225,0.163585999432242
73.2,2.9225403744791754,1.5120038109816225,-2.2880502955931337,0.0651947468782628,0.1632637138138278
73.25,2.918764902811775,1.5077181830985367,-2.29785719228669,0.065480413584117,0.1629780577382601
73.3,2.914947713466201,1.5034696702764563,-2.3076069567021045,0.0657302327273312,0.1627282478266389
73.35000000000001,2.9110893967886358,1.4992584720204645,-2.3173067582120357,0.0659448985788456,0.1625135898778517
73.4,2.9071905111247074,1.495084805626026,-2.326963627341936,0.0661249347009432,0.1623335603880097
73.45,2.9032515848652074,1.4909489063999006,-2.3365844899106425,0.0662712027298856,0.1621872977047428
73.5,2.899273117153751,1.486851029061336,-2.346176099408128,0.06638417293052,0.1620743316014669
73.55,2.895255580465636,1.4827914472918955,-2.355745115275223,0.066463897254905,0.161994610207832
73.60000000000001,2.8911994206730895,1.4787704556533339,-2.3652981865705156,0.0665110808637317,0.161947428324021
73.65,2.8871050589400933,1.4747883697034747,-2.3748418213165445,0.0665259425408895,0.161932567171559
73.7,2.8829728928713916,1.4708455267896383,-2.3843824837796115,0.0665086398352253,0.1619498692227682
73.75,2.8788032976253,1.4669422868585813,-2.3939266067183658,0.0664592699570968,0.1619992372934168
73.8,2.8745966269946734,1.4630790332861527,-2.4034806034519978,0.0663778027014998,0.1620807016065322
73.85000000000001,2.870353214460691,1.4592561737300604,-2.4130508933425006,0.0662642554932841,0.1621942447068209
73.9,2.8660733741220246,1.4554741411255516,-2.4226438922638547,0.0661187882317369,0.1623397066321307
73.95,2.8617574018723024,1.4517333944137571,-2.432265984103894,0.0659411045322968,0.1625173837772188
74.0,2.857405576592763,1.4480344192466628,-2.4419236120283863,0.0657308399736845,0.1627276405813295
74.05,2.8530181607050724,1.4443777294643083,-2.4516232920891516,0.0654878662450926,0.1629706053161213
74.10000000000001,2.8485954013458423,1.4407638678983512,-2.4613715659962536,0.0652118455582071,0.1632466157399922
74.15,2.844137531358828,1.4371934074216635,-2.471175043014432,0.0649020906248886,0.1635563591252952
74.2,2.839644770249972,1.4336669520968852,-2.481040469864473,0.0645585970132615,0.163899839782801
74.25,2.835117324796936,1.4301851388466733,-2.4909745941414267,0.0641806441512684,0.1642777782671724
74.3,2.8305553910758556,1.426748637361417,-2.500984307553017,0.0637671973712394,0.1646912092632645
74.35000000000001,2.8259591541985247,1.4233581530606565,-2.5110767087422197,0.063318151902969,0.165140237395338
74.4,2.821328790049554,1.4200144275750026,-2.5212589172914566,0.0628324776230652,0.1656258927489909
74.45,2.816664466466744,1.4167182400218605,-2.531538258804049,0.0623093330752493,0.1661490167181593
74.5,2.8119663438791123,1.4134704091848946,-2.54192222716834,0.0615821697521425,0.1668761577194634
74.55,2.8072345769329115,1.4102717944556258,-2.5524516259650722,0.0536581020537096,0.1748001263059284
74.60000000000001,2.802469108222236,1.4071236149367072,-2.5645658283902937,0.0432599630230855,0.185197257907077
74.65,2.7976612634693727,1.404040585995175,-2.5787595578786933,0.0416332841762738,0.186824086184955
74.7,2.7928083762670797,1.4010289473885276,-2.5932786380795614,0.0441889940829165,0.1842685148958844
74.75,2.7879130393129556,1.398086805823938,-2.607286590160858,0.0466460489160962,0.1818115886704057
74.8,2.7829776879637755,1.3952122859218672,-2.620803144136289,0.0490066478794367,0.1794511089869318
74.85000000000001,2.7780046086889363,1.3924035363430654,-2.6338475902470386,0.0512726791002126,0.1771851884114205
74.9,2.7729959472443837,1.3896587351114051,-2.6464388411781594,0.0534474745526462,0.1750104954054591
74.95,2.767953716176317,1.3869760949231589,-2.6585951432634407,0.0555339126875512,0.1729241520832672
75.0,2.762879803902077,1.38435386422534,-2.6703341672030123,0.0575346380561237,0.1709235145575094
75.05,2.7577759810063465,1.381790332182672,-2.681673054853151,0.0594527835640185,0.1690054504801647
75.10000000000001,2.7526439083210454,1.3792838290624057,-2.6926283215447655,0.061291443416675,0.1671668661007558
75.15,2.747485143072305,1.3768327291867146,-2.7032158638131736,0.0630542614232056,0.1654041179387523
75.2,2.7423011461671036,1.3744354504117706,-2.7134508494647283,0.0647444926832096,0.1637139513262109
75.25,2.7370932881863865,1.3720904550701578,-2.7233477953290284,0.0663645155339262,0.1620939884694369
75.3,2.731862855556287,1.3697962494267724,-2.7329207426225794,0.0679177502241687,0.1605408094472757
75.35000000000001,2.7266110551065212,1.3675513857415302,-2.7421830485448897,0.0694076391358158,0.1590509721587954
75.4,2.7213390205770787,1.3653544588897606,-2.751147381847188,0.0708361204179335,0.157622538880106
75.45,2.716047816602353,1.3632041077840087,-2.7598260236934054,0.0722068576352274,0.1562518462210392
75.5,2.7107384433006216,1.3610990146156032,-2.7682305225519865,0.0735223399050019,0.1549364053411336
75.55,2.7054118412542003,1.3590379021578007,-2.7763719290955997,0.0747850176161974,0.1536737661431037
75.60000000000001,2.700068894581185,1.3570195350523657,-2.7842608039482903,0.0759972843885698,0.152461535251594
75.65,2.694710435403915,1.3550427167969012,-2.7919072290345928,0.0771614643986924,0.1512973886651087
75.7,2.6893372464868524,1.3531062908168867,-2.7993208214612344,0.0782807329212816,0.1501781511963281
75.75,2.6839500652188666,1.3512091372731467,-2.8065105632887395,0.0793561928908873,0.1491027202128284
75.8,2.678549586532643,1.3493501720179635,-2.813485216020933,0.0803900402844862,0.148068899887093
75.85000000000001,2.6731364649391494,1.347528347601545,-2.820253101981194,0.0813850808736776,0.1470738845022961
75.9,2.6677113179727474,1.3457426496481255,-2.8268219823440557,0.0823425758836859,0.1461164130460034
75.95,2.662274728361882,1.3439920963306664,-2.8331993660602874,0.0832640433034374,0.1451949677001844
76.0,2.656827246049481,1.3422757378966408,-2.8393924584999617,0.084151445394663,0.1443075862667904
76.05,2.651369390323963,1.3405926554278553,-2.845408072587175,0.0850069536903337,0.1434520972462412
76.10000000000001,2.645901651912033,1.3389419592473053,-2.8512525869427656,0.0858316825507187,0.1426273864329318
76.15,2.640424494998836,1.3373227870749378,-2.856932157330987,0.086626579486,0.1418325064682447
76.2,2.6349383584064734,1.3357343046193082,-2.8624527500292114,0.0873935459402447,0.1410655559314505
76.25,2.629443657335958,1.3341757039927244,-2.867819951028332,0.0881342105885448,0.1403249061802876
76.3,2.6239407849931133,1.3326462021129932,-2.8730390205875063,0.0888493963796605,0.1396097343790564
76.35000000000001,2.618430113965215,1.3311450396170659,-2.878115054387446,0.08954011922748,0.1389190247024904
76.4,2.6129119971994497,1.329671480952595,-2.883052944934947,0.0902078775294166,0.1382512787825094
76.45,2.60738676937091,1.3282248127954297,-2.887857285060256,0.0908537724905748,0.1376053954666637
76.5,2.601854748020053,1.3268043430092393,-2.892532447357865,0.0914783047473178,0.1369808742025181
76.55,2.596316234552569,1.3254093998743715,-2.897082704303385,0.0920829841156205,0.1363762051793209
76.60000000000001,2.5907715149348776,1.3240393323232982,-2.9015120264097556,0.0926685731988259,0.1357906258353854
76.65,2.585220861153706,1.3226935068828498,-2.9058242316734115,0.0932358673318213,0.1352233408818505
76.7,2.5796645314054643,1.3213713095205697,-2.910022979028414,0.0937859320957474,0.1346732847713745
76.75,2.5741027714700793,1.3200721424688169,-2.9141117142959767,0.0943190953759559,0.1341401296854
76.80000000000001,2.568535814979524,1.3187954254369205,-2.918093817726921,0.0948364878292798,0.1336227449799867
76.85000000000001,2.562963884315914,1.3175405940379672,-2.921972443441992,0.0953385885612295,0.1331206515806698
76.9,2.5573871912363644,1.3163070991857735,-2.925750649743936,0.0958262638269225,0.1326329832417483
76.95,2.5518059373669413,1.3150944069424404,-2.9294313216854184,0.0963003393751046,0.1321589142320375
77.0,2.546220314958495,1.3139019970257302,-2.9330171791711117,0.0967609999580565,0.131698259853521
77.05000000000001,2.5406305072998006,1.3127293627221923,-2.936510905160658,0.0972088844848635,0.1312503812178651
77.10000000000001,2.535036689112972,1.311576010804476,-2.9399150548339583,0.0976449083952844,0.1308143628816369
77.15,2.529439027141176,1.3104414604112593,-2.9432320002825936,0.0980693979941924,0.1303898785674281
77.2,2.523837680620784,1.3093252423264292,-2.946464048339917,0.0984828075146694,0.1299764740679355
77.25,2.51823280155189,1.3082268991599486,-2.9496134149952438,0.0988856697847042,0.1295736165690932
77.30000000000001,2.512624535191231,1.3071459843257913,-2.9526822096736827,0.099278465690132,0.1291808251956301
77.35000000000001,2.507013020324396,1.3060820620333728,-2.9556724456242325,0.0996618322974938,0.1287974628904939
77.4,2.501398389696818,1.3050347063681464,-2.9585860086835325,0.1000357108274285,0.1284235884652562
77.45,2.4957807703193113,1.304003500920489,-2.9614247964473157,0.1004009538236641,0.1280583493664524
77.5,2.490160283579103,1.30298803941853,-2.964190536001594,0.1007580294868725,0.1277012774019381
77.55000000000001,2.4845370458939877,1.3019879232993847,-2.9668848607931007,0.1011068584151846,0.1273524520056062
77.60000000000001,2.478911168638372,1.3010027631964265,-2.9695094201521437,0.1014481622339912,0.1270111515527415
77.65,2.4732827585482338,1.3000321777328174,-2.972065719084018,0.1017821053374756,0.1266772116612191
77.7,2.467651917951273,1.2990757932004182,-2.974555229716392,0.1021091469044159,0.1263501731553933
77.75,2.462018744926597,1.2981332435993713,-2.97697933234149,0.1024295972614358,0.1260297257157888
77.80000000000001,2.4563833336284056,1.2972041696465972,-2.9793393451869252,0.1027437425405388,0.1257155832194592
77.85000000000001,2.450745774370863,1.2962882191447171,-2.9816365292548173,0.1030519003058847,0.1254074281119753
77.9,2.4451061539222607,1.2953850460389857,-2.9838720820354263,0.1033542462041368,0.1251050847570465
77.95,2.4394645555880645,1.2944943107106677,-2.9860471658907173,0.1036512033853596,0.1248081300042278
78.0,2.433821059436447,1.29361567934901,-2.988162858552604,0.1039430317309308,0.1245163039752261
78.05000000000001,2.428175742457118,1.2927488236819784,-2.9902201857770336,0.1042299850063783,0.1242293529128608
78.10000000000001,2.4225286787124998,1.2918934207121604,-2.992220122567682,0.104512311228221,0.1239470288072087
78.15,2.4168799394819125,1.2910491524575647,-2.9941635943255807,0.1047902148348451,0.123669127228086
78.2,2.4112295933989527,1.2902157056970152,-2.9960514855649047,0.1050638808914334,0.1233954631145901
78.25,2.4055777065701003,1.2893927718062173,-2.9978846437872204,0.1053337937376569,0.1231255521224943
78.30000000000001,2.3999243426960404,1.2885800465440522,-2.999663819625704,0.1055999957729034,0.1228593518622198
78.35000000000001,2.39426956327703,1.2877772292089726,-3.001389755234636,0.1058626758548904,0.1225966734813495
78.4,2.3886134275805957,1.2869840234220031,-3.0030631549972817,0.1061222289120857,0.1223371220507364
78.45,2.3829559928852717,1.2862001359494535,-3.0046846443111477,0.1063786821506875,0.1220806703711431
78.5,2.3772973145075382,1.2854252770177423,-3.0062548431331924,0.106632406638873,0.1218269473745454
78.55000000000001,2.3716374459193754,1.284659159965736,-3.0077742972067596,0.1068834894114206,0.121575866031483
78.60000000000001,2.365976438876586,1.2839015007795902,-3.009243534868766,0.1071322523959236,0.1213271044145533
78.65,2.3603143434417273,1.283152018386228,-3.010663020070629,0.1073787702608516,0.1210805878603901
78.7,2.354651208176573,1.2824104336545217,-3.0120332018305827,0.1076233359554167,0.1208360234188187
78.75,2.3489870800865127,1.2816764702474324,-3.0133544705769233,0.1078662431714121,0.1205931173997603
78.80000000000001,2.3433220048702688,1.2809498531270265,-3.0146271579997577,0.1081073921233284,0.1203519695964412
78.85000000000001,2.337656026860804,1.280230309403795,-3.0158516157470685,0.108347275435496,0.1201120873802904
78.9,2.331989189153987,1.2795175677318245,-3.0170280969415484,0.1085860249316392,0.1198733389301396
78.95,2.326321533718271,1.2788113578146754,-3.0181568283413984,0.1088237308675132,0.1196356339941972
79.0,2.3206531014137353,1.278111410617002,-3.0192380186540677,0.1090606745419912,0.1193986912741277
79.05000000000001,2.3149839320867316,1.2774174579637516,-3.0202718203272805,0.1092970586708587,0.1191623080548056
79.10000000000001,2.3093140646400223,1.276729232317846,-3.0212583452656756,0.109533086881245,0.1189262807095915
79.15,2.3036435371014847,1.2760464665566302,-3.02219766464851,0.1097689372581138,0.1186904311553142
79.2,2.2979723866915447,1.2753688937467076,-3.02308981403823,0.1100047993286854,0.1184545698652237
79.25,2.2923006498824305,1.274696246977638,-3.0239347910918837,0.1102409624186039,0.1182184075133884
79.30000000000001,2.286628362466623,1.274028259110198,-3.0247325356013617,0.1104776053315466,0.1179817652983579
79.35000000000001,2.280955559640718,1.2733646623830555,-3.0254829515980437,0.1107148710015476,0.1177445002846116
79.4,2.275282276042498,1.2727051884112608,-3.0261859145263497,0.1109530662498791,0.1175063056530922
79.45,2.269608545823994,1.2720495678738524,-3.026841238466671,0.1111924144227515,0.1172669580555284
79.5,2.2639344027310275,1.2713975301400726,-3.0274486928299487,0.1114331447776842,0.1170262282350756
79.55000000000001,2.2582598801532634,1.2707488031460212,-3.028008001175688,0.1116754716669659,0.1167839018387333
79.60000000000001,2.2525850112046726,1.2701031130071372,-3.0285188441928645,0.1119196494458346,0.1165397245122918
79.65,2.246909828769883,1.2694601839284707,-3.0289808516995103,0.1121659590740411,0.1162934152944052
79.7,2.241234365595174,1.2688197377261754,-3.0293935973215467,0.112414643450927,0.1160447312852235
79.75,2.235558654342427,1.2681814936772697,-3.0297566061049763,0.1126659989486906,0.1157933761105284
79.80000000000001,2.229882727671176,1.2675451681274437,-3.03006934382116,0.1129202986180301,0.1155390767194188
79.85000000000001,2.2242066183077682,1.2669104742194328,-3.030331221631299,0.1131778412501076,0.1152815343187722
79.9,2.218530359123296,1.2662771215538313,-3.0305415909381654,0.1134389500162888,0.1150204257366158
79.95,2.2128539832117333,1.2656448158591629,-3.0306997385101977,0.1137039599060801,0.114755415979289
80.0,2.2071775239769624,1.265013258597554,-3.030804884117519,0.113973194616334,0.1144861813496038
80.05000000000001,2.2015010152172874,1.2643821466082545,-3.030856182790846,0.1142470211476543,0.1142123548432139
80.10000000000001,2.1958244912136715,1.2637511717393333,-3.030852716160402,0.1145258304406842,0.1139335455171069
80.15,2.190147986829998,1.2631200203933555,-3.0307934876680442,0.1148100104515819,0.1136493654115538
80.2,2.1844715376127635,1.2624883731052985,-3.0306774231640414,0.11509998566157,0.113359390041329
80.25,2.178795179896893,1.2618559040957105,-3.0305033636020173,0.1055636388966181,0.1228957365769518
80.30000000000001,2.173118950921789,1.2612222807665185,-3.0322365733700507,0.0812468178531568,0.1472117132299723
80.35000000000001,2.1674404559005387,1.2606094944587,-3.0388330629077323,0.0673970634355411,0.1610614715173206
80.4,2.1617563826846795,1.2600508124854306,-3.04819950371591,0.0690987879938788,0.1593598130108077
80.45,2.156067403662942,1.2595445018857316,-3.0572256062176035,0.070892696714557,0.1575659646676738
80.5,2.150374168546341,1.2590885151727103,-3.0658929330129157,0.0726044699722753,0.1558542466512129
80.55000000000001,2.1446772650819996,1.258680891978133,-3.0742179106808085,0.0742384860635516,0.1542202812461426
80.60000000000001,2.138977224638813,1.2583197560321904,-3.0822160901990676,0.0757984594243842,0.152660354527495
80.65,2.133274527392335,1.2580033106811415,-3.0899022797093787,0.0772899475724689,0.1511689091734372
80.7,2.127569606890907,1.257729837028991,-3.0972901758694755,0.0787163428809321,0.1497425531783079
80.75,2.121862854539392,1.2574976849423105,-3.104392796899213,0.0800813021463397,0.1483776300871486
80.80000000000001,2.116154623108198,1.257305275869696,-3.111222429693294,0.0813885165486364,0.1470704489879441
80.85000000000001,2.110445230453883,1.2571510930152099,-3.1177906229372248,0.0826411675581667,0.1458178286812389
80.9,2.1047349624480214,1.2570336838889,-3.124108289049532,0.083842576721434,0.1446164478360573
80.95,2.0990240759694085,1.2569516514745647,-3.1301856761609943,0.0849955441564491,0.1434635065609539
81.0,2.0933128013634863,1.256903656319234,-3.136032472401445,0.0861028273060897,0.1423562476032396
81.05000000000001,2.08760134484348,1.2568884087675105,-3.1416578144311598,0.0871667785302785,0.1412923187616253
81.10000000000001,2.0818898905629997,1.2569046710438334,-3.1470703684542944,0.0881909393798564,0.1402681785493554
81.15,2.0761786025537954,1.2569512503208466,-3.1522780923712443,0.0891765884004973,0.1392825486595654
81.2,2.0704676264459465,1.2570269980070052,-3.1572886883971516,0.0901258529749237,0.1383333018584164
81.25,2.0647570910599837,1.2571308079181533,-3.1621094332855004,0.0910413198303687,0.1374178514834427
81.30000000000001,2.0590471098445744,1.2572616135680599,-3.166747086450808,0.0919248322346806,0.1365343543681392
81.35000000000001,2.0533377821602494,1.2574183852412444,-3.1712080386641537,0.0927779444117442,0.1356812564027558
81.4,2.0476291944845495,1.2576001289394823,-3.1754983698632553,0.0936026037290607,0.1348566102952966
81.45,2.0419214214846635,1.2578058840783202,-3.1796237705198784,0.0944003337853608,0.1340588925242161
81.5,2.0362145269932443,1.258034721504331,-3.183589626393764,0.0951728634886099,0.1332863742506
81.55000000000001,2.0305085649173145,1.258285742132548,-3.187400977469963,0.0959212105802652,0.1325380378193828
81.60000000000001,2.024803580017349,1.2585580744722544,-3.1910626601938747,0.0966470688323403,0.131812189495721
81.65,2.0190996087362274,1.2588508748676102,-3.194579172260213,0.0973518869728031,0.1311073805935849
81.7,2.013396679755416,1.259163323464065,-3.197954721622291,0.0980365210183239,0.130422755163276
81.75,2.0076948147234783,1.2594946249935708,-3.201193345036786,0.0987024310284313,0.1297568531835015
81.80000000000001,2.0019940287518336,1.259844006081556,-3.2042987872522932,0.099350567736214,0.1291087239704416
81.85000000000001,1.9962943309694665,1.2602107146431176,-3.207274602875716,0.0999820195926354,0.1284772791121252
81.9,1.990595724977523,1.2605940183432094,-3.2101241288276645,0.100597853619303,0.1278614516217945
81.95,1.9848982092979777,1.2609932036709262,-3.212850488627914,0.1011987590695832,0.127260552281914
82.0,1.9792017777436393,1.2614075744423827,-3.2154566679491476,0.1017860965393268,0.1266732205074182
82.05000000000001,1.9735064198542815,1.261836451730246,-3.2179453803459563,0.1023606042678369,0.1260987180907212
82.10000000000001,1.967812121080141,1.2622791708326737,-3.2203191917282448,0.1029226976017455,0.1255366297270759
82.15,1.9621188632608195,1.2627350826168424,-3.222580584940778,0.1034737182151856,0.1249856137435289
82.2,1.9564266248046465,1.2632035512203312,-3.224731774493612,0.1040142173081819,0.1244451189628486
82.25,1.950735380954192,1.2636839532816724,-3.2267748646590797,0.1045450002876923,0.1239143399977792
82.30000000000001,1.9450451040537065,1.2641756774402144,-3.2287117986300875,0.1050667825822443,0.1233925614413583
82.35000000000001,1.9393557637234562,1.2646781229859199,-3.230544376515999,0.1055799856498145,0.1228793618579987
82.4,1.9336673271044902,1.2651906995624558,-3.2322743141368173,0.1060856491468503,0.1223737015936948
82.45,1.9279797590552197,1.2657128264846804,-3.2339031193815018,0.1065843888255143,0.1218749649099667
82.5,1.9222930222360082,1.2662439310339904,-3.235432176989947,0.1070764867861091,0.1213828697253534
82.55000000000001,1.9166070773601507,1.266783448739658,-3.2368628152838714,0.1075629445990751,0.1208964144712583
82.60000000000001,1.9109218833214892,1.2673308224324276,-3.2381961622710898,0.1080443114092952,0.1204150500131859
82.65,1.905237397267442,1.2678855008886698,-3.2394332361314797,0.1085209744566819,0.1199383891242202
82.7,1.8995535747992398,1.2684469389127047,-3.2405749775982327,0.1089936473951278,0.1194657181560619
82.75,1.8938703700604589,1.2690145963486925,-3.241622184674326,0.1094628968968746,0.118996470442254
82.80000000000001,1.8881877358478998,1.269587937420283,-3.242575542028864,0.1099292727746767,0.1185300961749122
82.85000000000001,1.882505623715539,1.2701664300765079,-3.2434356243688875,0.1103933477477393,0.1180660226399422
82.9,1.8768239840750993,1.2707495453694762,-3.244202891858108,0.1108556974830073,0.1176036741731386
82.95,1.8711427662824114,1.2713367567479412,-3.2448776895271205,0.1113168492795373,0.1171425234799233
83.0,1.8654619187267274,1.2719275394280434,-3.2454602569471596,0.1117773493101996,0.1166820243895732
83.05000000000001,1.8597813889197445,1.2725213697965283,-3.245950724455097,0.1122377648903045,0.1162216095885321
83.10000000000001,1.8541011235737868,1.2731177247382788,-3.2463491089249197,0.1126986475676012,0.1157607275294853
83.15,1.8484210686807219,1.2737160809911632,-3.246655316921108,0.1131605656021309,0.1152988099524047
83.2,1.8427411695905027,1.274315914509028,-3.2468691413561355,0.113624112126897,0.1148352637231158
83.25,1.8370613710844812,1.2749166997781611,-3.2469902565157573,0.1140898474297967,0.1143695285529954
83.30000000000001,1.8313816174481135,1.2755179091233124,-3.247018224628077,0.1145583402460306,0.1139010357031868
83.35000000000001,1.825701852554171,1.276119012098252,-3.246952494173793,0.1150302424877543,0.1134291332588662
83.4,1.820022019937227,1.2767194747720154,-3.246792383250904,0.1155061330126814,0.1129532423577026
83.45,1.814342062862582,1.2773187589298498,-3.246537094185406,0.1159866307524725,0.1124727440628913
83.5,1.808661924426033,1.2779163215247136,-3.246185705516448,0.1164724285006135,0.1119869455751043
83.55000000000001,1.8029815476229416,1.278511613786397,-3.245737157223897,0.1169641638539097,0.1114952092907527
83.60000000000001,1.7973008754422797,1.279104080504361,-3.2451902617675814,0.1174626233645408,0.110996748648781
83.65,1.7916198509632777,1.2796931592613379,-3.2445436742960054,0.1179683644793518,0.1104910061918253
83.7,1.7859384174311246,1.2802782793766956,-3.243795938467253,0.1184822713588917,0.1099770977494107
83.75,1.7802565184267352,1.2808588616596406,-3.2429454211063047,0.1190051382908061,0.1094542290222719
83.80000000000001,1.7745740978886206,1.2814343166089597,-3.2419903301794517,0.1195376400985041,0.1089217251703614
83.85000000000001,1.7688911003287089,1.2820040443693395,-3.2409287386866366,0.1200808623585258,0.1083785006043236
83.9,1.7632074709114836,1.2825674332013373,-3.2397585025112168,0.120635467168543,0.1078238932056843
83.95,1.7575231556076876,1.283123858502843,-3.238477345114931,0.1212025275345859,0.1072568299510398
84.0,1.751838101406602,1.283672682240427,-3.2370827753565763,0.121783179379278,0.106676174898104
84.05000000000001,1.7461522564187382,1.284213251035316,-3.235572074908459,0.1223781817112598,0.1060811690094906
84.10000000000001,1.7404655701210514,1.2847448954503555,-3.233942373638282,0.1229889129633072,0.1054704338275264
84.15,1.734777993593726,1.2852669289319214,-3.232190525724704,0.1236164585804352,0.1048428838769163
84.2,1.7290894796898006,1.2857786456869507,-3.230313168254352,0.1242619885357403,0.1041973491480335
84.25,1.7233999833983171,1.286279320290375,-3.2283067043155813,0.1249271229077785,0.1035322095340784
84.30000000000001,1.7177094620696252,1.28676820536896,-3.2261672129782113,0.1256130404754198,0.1028462862059411
84.35000000000001,1.7120178757672109,1.2872445301840627,-3.2238905375512634,0.1263214684201178,0.1021378519385988
84.4,1.7063251876727026,1.2877074993194997,-3.2214721759031115,0.1270537781459542,0.1014055352625738
84.45,1.7006313644327815,1.2881562900162349,-3.2189073516147735,0.1278118597335427,0.1006474460476731
84.5,1.6949363767396286,1.2885900516715343,-3.2161909102461865,0.128597795875652,0.0998615015470457
84.55000000000001,1.6892401997128945,1.2890079019938925,-3.213317280813326,0.1294133960617902,0.0990458921907253
84.60000000000001,1.6835428135853452,1.2894089260662855,-3.2102805304262194,0.1302607673919649,0.0981985107947043
84.65,1.677844204298059,1.2897921731267457,-3.2070743047664934,0.1311425890567068,0.0973166780930661
84.7,1.672144364303805,1.290156654959664,-3.2036917136701293,0.1320613124963828,0.096397942527668
84.75,1.6664432932837085,1.2905013413789717,-3.200125376673258,0.1330190789287757,0.0954401627282
84.80000000000001,1.660740999206871,1.2908251591484228,-3.1963674850532002,0.1340195827001205,0.0944396442586531
84.85000000000001,1.655037499340831,1.2911269881848186,-3.1924094912090535,0.1350659095441673,0.0933933012424213
84.9,1.6493328213842215,1.291405656952599,-3.188242230378879,0.1361613008091864,0.09229789214776
84.95,1.6436270048893875,1.2916599400750808,-3.1838558895127362,0.137309682547626,0.0911494907425612
85.0,1.6379201027428214,1.2918885533999014,-3.1792398703322298,0.1385152862866901,0.0899438652983331
85.05000000000001,1.632212182916603,1.2920901500809392,-3.174382728233394,0.1397827371850973,0.0886763904057046
85.10000000000001,1.626503330402515,1.2922633149867695,-3.1692720935554557,0.1411162633109053,0.0873428376614282
85.15,1.6207936494661144,1.2924065599349397,-3.1638947509905075,0.1425219283616227,0.0859371431021945
85.2,1.6150832662058314,1.2925183190710237,-3.1582362724645643,0.1440054714234962,0.0844535672774716
85.25,1.609372331389295,1.2925969399899024,-3.152281082049962,0.1455728366451571,0.0828861655975145
85.30000000000001,1.6036610238217064,1.2926406799541994,-3.1460124149451976,0.147232210910404,0.0812267507887276
85.35000000000001,1.59794955408935,1.2926476966685907,-3.13941186893303,0.1489899061158812,0.0794690102724588
85.4,1.5922381689137852,1.2926160395260562,-3.1324597793486877,0.1508553586839289,0.0776035070640467
85.45,1.586527156100984,1.2925436448522052,-3.1251345941866995,0.1528378138266402,0.0756209952124194
85.5,1.5808168502967972,1.2924283202456097,-3.1174129123252774,0.154946715994181,0.0735120293651139
85.55000000000001,1.5751076394829455,1.292267740545868,-3.1092694436623707,0.157195246511279,0.0712634274135058
85.60000000000001,1.5693999726094845,1.292059432075676,-3.1006762617525934,0.1595941411038887,0.0688644522657816
85.65,1.5636943683840117,1.291800760517412,-3.0916032928687827,0.1621573172436559,0.0663011851157309
85.7,1.5579914252088642,1.2914889212900502,-3.08201767965599,0.164901113055112,0.0635572864954798
85.75,1.5522918330413242,1.2911209208457932,-3.071883297000027,0.1678415909034403,0.0606166921553231
85.80000000000001,1.5465963869064323,1.2906935623769473,-3.0611608071252157,0.1709966985345231,0.0574614521318224
85.85000000000001,1.5409060026299022,1.2902034288093327,-3.049807282484945,0.1743878232008864,0.0540701768391125
85.9,1.5352217350047366,1.2896468655340307,-3.0377755178487678,0.1780362593015124,0.050421568786689
85.95,1.5295447993884654,1.2890199572329621,-3.0250140487972854,0.1819662910974803,0.0464913403228103
86.0,1.523876595820907,1.2883185128922832,-3.0114665537198184,0.186206145619652,0.0422512607745776
86.05000000000001,1.518218738345999,1.2875380384347446,-2.997071065235311,0.1907832434163067,0.0376739046361492
86.10000000000001,1.5125730882850827,1.2866737160412811,-2.9817601313572957,0.1957295805449034,0.0327272704406468
86.15,1.5069417928288442,1.2857203826992967,-2.9654599003468696,0.2010784799542837,0.0273780288203924
86.2,1.5013273306044255,1.2846725042800533,-2.9480898552334804,0.2068654771679817,0.0215906368691159
86.25,1.4957325632139011,1.283524157480735,-2.929562371203594,0.2131280858470126,0.0153275724436848
86.30000000000001,1.4901607960380663,1.2822690069254459,-2.909782319863261,0.2199027837695205,0.0085523475929576
86.35000000000001,1.4846158467129327,1.2809002926070592,-2.888647276245605,0.2272276642046974,0.0012268582176496
86.4,1.479102123449765,1.2794108216316065,-2.8660471956469,0.2351376293037526,-0.0066838102016481
86.45,1.4736247139952094,1.2777929672404122,-2.84186505169636,0.2436615050248461,-0.0152084975622487
86.5,1.4681894832427103,1.2760386861757642,-2.8159780514376505,0.2528210925516807,-0.0243690191532472
86.55000000000001,1.4628031799316592,1.2741395534022637,-2.7882590402671577,0.2626259314169401,-0.0341749283575152
86.60000000000001,1.457473550140889,1.2720868212491028,-2.758578954289712,0.273063368866467,-0.044613586702235
86.65,1.4522094531976375,1.2698715113997032,-2.726811258732842,0.2838675474022268,-0.055419147329888
86.7,1.4470209695411007,1.267484555800909,-2.6928825892596304,0.2703290400447507,-0.0418818434902405
86.75,1.4419192549439241,1.2649174398749197,-2.6616615009061313,0.2373285675961575,-0.0088736066021758
86.80000000000001,1.4368896869287213,1.2622112915360124,-2.637041283486298,0.2246404079885472,0.0038143234110771
86.85000000000001,1.4319203482176472,1.2593960827584216,-2.614958675028551,0.2272338576658734,0.0012206525147613
86.9,1.4270151731150442,1.2564705192697132,-2.5923573545134393,0.2296267043284534,-0.0011724029501185
86.95,1.4221781310553654,1.2534336411030236,-2.5692774437855825,0.2317820111679135,-0.0033279017130151
87.0,1.4174131847172144,1.2502848577707169,-2.5457664524974897,0.2336634997360267,-0.0052095606784927
87.05000000000001,1.4127242440320442,1.2470239780320163,-2.5218791464560377,0.235235720055585,-0.0067819255587402
87.10000000000001,1.408115115483121,1.243651235207992,-2.497677381894605,0.2364666559189204,-0.0080129759367958
87.15,1.4035894481774387,1.2401673059787837,-2.4732294187090336,0.2373277119419695,-0.0088741128524713
87.2,1.3991506797801312,1.236573319410826,-2.4486092362295895,0.2377957313873803,-0.0093421765619926
87.25,1.394801980869687,1.2328708594878124,-2.423895445434652,0.237853690206482,-0.0094001409191003
87.30000000000001,1.3905462041751062,1.2290619548106618,-2.399170062322094,0.2374906945173359,-0.0090371112081623
87.35000000000001,1.3863858356297902,1.2251490615848768,-2.374517281749544,0.2367040723559119,-0.0082504153977893
87.4,1.3823229530422703,1.2211350354338664,-2.350021832974174,0.2354982873256594,-0.0070445182129818
87.45,1.3783591924118166,1.2170230949487577,-2.32576755242031,0.2338852551860796,-0.0054313376462507
87.5,1.374495722895992,1.2128167784396433,-2.301835893137077,0.2318834639535953,-0.0034293650096702
87.55000000000001,1.3707332322243486,1.2085198945660114,-2.2783046102407503,0.2295180704487279,-0.001063761039591
87.60000000000001,1.3670719211824778,1.2041364702613806,-2.2552464270919184,0.226818794336558,0.0016357499493908
87.65,1.3635115101783826,1.1996706951063845,-2.2327281226532016,0.2238197070111295,0.004635091676998
87.7,1.3600512520435484,1.1951268684654812,-2.2108096611197885,0.2205576144896453,0.0078974531109504
87.75,1.356689956916545,1.190509345453689,-2.189543644981919,0.2170705898324639,0.0113847561649779
87.80000000000001,1.35342602016859,1.1858224893536893,-2.1689750616151704,0.2133975876935832,0.0150580415171673
87.85000000000001,1.3502574591996173,1.181070625986577,-2.149141106997529,0.20957626347767,0.0188796493063171
87.9,1.347181951487335,1.176258005352721,-2.1300714455803935,0.2056433067403691,0.0228128861785143
87.95,1.3441968763005634,1.1713887681248591,-2.1117884035242085,0.2016330929586988,0.0268233734126425
88.0,1.3412993569166503,1.1664669184154868,-2.0943074315696024,0.1975773129774905,0.0308794174689875
88.05000000000001,1.3384863026337477,1.16149630234146,-2.077637642018752,0.1935044752134153,0.0349525077474367
88.10000000000001,1.3357544492646267,1.156480592238757,-2.0617824452721543,0.1894400620079853,0.0390171602929193
88.15,1.333100397262903,1.1514232760546976,-2.0467401551006477,0.1854061123424668,0.043051334975598
88.2,1.3305206476095797,1.1463276509705584,-2.032504677363961,0.1814215781931843,0.0470360791594953
88.25,1.3280116336148846,1.1411968214054349,-2.019066127460592,0.1775026787258128,0.0509551734333103
88.30000000000001,1.3255697504958577,1.1360336997027984,-2.0064113769313416,0.1736621513668301,0.0547958803021996
88.35000000000001,1.323191381038692,1.1308410097571608,-1.9945247498248788,0.169910576938259,0.0585476191953813
88.4,1.3208729170798281,1.1256212930996836,-1.9833884540505917,0.1662560456952178,0.0622023003044158
88.45,1.3186107795062754,1.1203769157764087,-1.9729830795115109,0.1627046220181763,0.0657538598563914
88.5,1.3164014331904894,1.1151100772968567,-1.9632880032953326,0.1592607318037678,0.0691978726747114
88.55000000000001,1.3142414013229493,1.1098228194010877,-1.9542817173824267,0.1559267556439269,0.0725319588882888
88.60000000000001,1.3121272754373459,1.1045170360570948,-1.945942237706863,0.1527043403502608,0.0757544725157726
88.65,1.3100557239932238,1.0991944833002445,-1.938247250923414,0.1495936465645102,0.0788652537182304
88.7,1.308023499460818,1.0938567888870276,-1.9311744116387861,0.1465939787356019,0.0818649988514409
88.75,1.3060274424439737,1.0885054622607995,-1.92470151365037,0.1437041230411665,0.0847549225477564
88.80000000000001,1.304064485728588,1.083141903682006,-1.918806593601029,0.1409220058986337,0.0875370991444079
88.85000000000001,1.3021316561827627,1.077767413322916,-1.9134681029256064,0.1382452418266132,0.09021391485434
88.9,1.3002260759539255,1.0723831997860034,-1.9086649702283798,0.1356711129531158,0.0927880882422
88.95,1.2983449627841848,1.0669903881469436,-1.9043766677572878,0.1331965749235874,0.0952626643052211
89.0,1.2964856296754521,1.061590027475294,-1.900583276695451,0.13081846267341,0.0976408087151294
89.05000000000001,1.294645483772726,1.0561830979183462,-1.8972655112996228,0.1287343622287096,0.0997249360038344
89.10000000000001,1.2928220251233,1.0507705171663482,-1.8943645686771358,0.1419976518848115,0.0864616415003733
89.15,1.2910132802276733,1.0453530018353752,-1.8888109676386917,0.1641274426326047,0.0643305801710749
89.2,1.2892500614193558,1.039920532134714,-1.8788312813925385,0.170424295650909,0.0580338804884646
89.25,1.2875498079862293,1.0344680235683548,-1.867592239876294,0.1672840529092736,0.0611742533914008
89.30000000000001,1.2859091337953135,1.0289972889949295,-1.8569812599245068,0.1644479190148529,0.0640104985181467
89.35000000000001,1.284324965782875,1.0235099224091326,-1.8469375178748362,0.1618774448584089,0.06658106818165
89.4,1.282794507113668,1.0180073317579352,-1.8374078802071605,0.1595403079477092,0.0689182875113253
89.45,1.2813152045705742,1.012490766238027,-1.8283456781635221,0.1574099874809018,0.0710486795815432
89.5,1.279884722021343,1.0069613384851923,-1.819709547373586,0.1554624037729164,0.0729963257416783
89.55000000000001,1.2785009181480593,1.0014200429442182,-1.8114629395704622,0.1536774767340935,0.0747813074836182
89.60000000000001,1.2771618233825528,0.9958677722138869,-1.8035733226454147,0.1520378031887102,0.0764210291487153
89.65,1.2758656249656195,0.9903053295436609,-1.7960116452414152,0.1505282103540919,0.0779306644821745
89.7,1.2746106485956479,0.9847334407038715,-1.7887518906542232,0.1491357952757637,0.0793231172539248
89.75,1.273395347479761,0.9791527628871428,-1.7817706228520398,0.1478484829945957,0.0806104630351343
89.80000000000001,1.2722182882403292,0.9735638933404451,-1.7750468208560932,0.1466566699822823,0.0818023059691418
89.85000000000001,1.2710781411764296,0.9679673761662854,-1.7685613844547794,0.1455515262251421,0.0829074765414111
89.9,1.2699736711612388,0.9623637083093166,-1.7622969794864063,0.1445247864181407,0.0839342404006424
89.95,1.2689037292088663,0.9567533448137027,-1.7562379248846565,0.1435695952954301,0.0848894531551507
90.0,1.267867244277642,0.95113670351314,-1.7503699106706285,0.1426800456377046,0.0857790223487668
90.05000000000001,1.266863217701589,0.9455141687888933,-1.7446798083417348,0.1418504450160317,0.0866086406515264
90.1,1.2658907168763067,0.9398860951144591,-1.7391556279052842,0.1410759844288713,0.0873831172874941
90.15,1.264948869968487,0.9342528100936753,-1.7337863411911465,0.1403523412582547,0.0881067750521442
90.2,1.2640368614142243,0.9286146170952244,-1.7285617845705352,0.1396753336817735,0.0887837959031789
90.25,1.263153927577594,0.9229717976295824,-1.7234726307926762,0.1390415053163387,0.0894176363683864
90.3,1.2622993524407433,0.9173246135107003,-1.7185102438978808,0.1384478086842337,0.0900113440680831
90.35,1.261472464792309,0.9116733086070026,-1.7136665974362657,0.1378914172128788,0.090567745684227
90.4,1.2606726347502948,0.906018110546928,-1.7089342302834005,0.1373695069457434,0.091089665243653
90.45,1.2598992713734514,0.9003592321301591,-1.7043062461131915,0.1368796962375419,0.0915794844729347
90.5,1.2591518191216582,0.8946968727797555,-1.6997762249367308,0.1364202391065016,0.0920389494528961
90.55,1.2584297564101514,0.8890312195990611,-1.6953380959713702,0.1359887723173958,0.0924704234561158
90.6,1.2577325934594634,0.8833624484444269,-1.6909862610852422,0.1355837470922918,0.0928754553255475
90.65,1.2570598694082713,0.877690724999845,-1.6867154319085678,0.135203514008908,0.0932556945321039
90.7,1.2564111519713816,0.8720162054680639,-1.6825206499608873,0.1348465330257228,0.0936126811578904
90.75,1.2557860342907021,0.8663390375362361,-1.6783972647741041,0.1345116272913734,0.0939475921048034
90.8,1.2551841348136281,0.8606593609302186,-1.6743408612554471,0.1341974272432054,0.0942617969626622
90.85,1.2546050949420584,0.854977308173503,-1.6703472982273928,0.1339028400063193,0.094556388642504
90.9,1.2540485784518893,0.8492930051055861,-1.6664126530910113,0.1336269549980026,0.0948322777615382
90.95,1.2535142697499757,0.8436065714818872,-1.6625331853673648,0.1333688581158367,0.0950903784415715
91.0,1.2530018736914983,0.8379181213845847,-1.6587053373999383,0.1331272871508977,0.0953319528899272
91.05,1.252511113813245,0.8322277637537396,-1.6549258039738413,0.1329019094342786,0.0955573338246906
91.1,1.2520417313450467,0.8265356028070879,-1.6511913464128825,0.1326919936786713,0.0957672525533653
91.15,1.25159348554605,0.8208417383288314,-1.6474988723003516,0.1324965186145947,0.0959627303415359
91.2,1.2511661517984025,0.8151462661237266,-1.6438454934730462,0.1323152098606664,0.0961440416033534
91.25,1.2507595212733509,0.8094492783140781,-1.6402283766473147,0.132147543093843,0.0963117106769458
91.3,1.250373400716905,0.8037508636168285,-1.636644793405625,0.1319927267132334,0.0964665291557662
91.35,1.250007611539235,0.7980511076551547,-1.633092173649878,0.1318505030894481,0.0966087546901064
91.4,1.249661988983817,0.7923500932419185,-1.629567998809944,0.1317204637404258,0.0967387957755662
91.45,1.2493363824274561,0.7866479005796984,-1.6260698320134581,0.1316021935368138,0.096857067549999
91.5,1.2490306541997285,0.7809446075409375,-1.6225953194147766,0.1314954148024163,0.0969638476950243
91.55,1.2487446798627961,0.7752402898502174,-1.6191421627040372,0.1313996168202935,0.0970596469266693
91.6,1.2484783473392695,0.7695350213217614,-1.615708165714675,0.1313148319444486,0.0971444329117972
91.65,1.248231556655939,0.7638288740514677,-1.6122911258114099,0.1312405690988531,0.0972186967218873
91.7,1.2480042203067516,0.7581219185784126,-1.6088889385737133,0.1311768214686146,0.0972824451832041
91.75,1.2477962617981442,0.752414224115398,-1.605499500945172,0.1311232851289813,0.0973359822137388
91.8,1.2476076171140504,0.7467058586571521,-1.6021207706536482,0.1310796112869531,0.0973796566021704
91.85,1.2474382325793663,0.7409968892179991,-1.5987507751851697,0.1310460841690614,0.0974131841477871
91.9,1.2472880662196029,0.7352873819394055,-1.5953874851830423,0.131022358853042,0.0974369097678081
91.95,1.2471570870666318,0.7295774022679689,-1.592028940274519,0.1310083706054804,0.0974508981939775
92.0,1.2470452750791299,0.7238670151079603,-1.5886731930333686,0.1310040752561497,0.0974551935976003
92.05,1.2469526210853399,0.7181562849715698,-1.5853183048675137,0.131009448997124,0.0974498197885868
92.1,1.246879126747899,0.7124452761275758,-1.58196234194666,0.1310244882573958,0.097434780338323
92.15,1.2468248045505799,0.7067340527491363,-1.5786033711547527,0.1310492096578732,0.0974100586261852
92.2,1.2467896778068588,0.7010226790612717,-1.5752394560515839,0.1310836500365538,0.0973756178113656
92.25,1.2467737806902963,0.6953112194888253,-1.571868652829065,0.1311278665523983,0.0973314007306579
92.3,1.2467771582868075,0.6895997388054529,-1.568489006246891,0.1311819368653854,0.0972773297208972
92.35,1.2467998666689573,0.6838883022843057,-1.5650985455324422,0.1312459593892931,0.0972133063642596
92.4,1.246841972992498,0.6781769758512057,-1.5616952802299389,0.1313200536282001,0.0971392111556536
92.45,1.2469035556154513,0.6724658262408789,-1.5582771959826842,0.1314044410086254,0.0970548226731179
92.5,1.2469847042401032,0.6667549211570091,-1.5548422341491335,0.1314994558454452,0.0969598066020505
92.55,1.2470855202620663,0.6610443294404268,-1.5513882692247942,0.1316049609527487,0.0968543001016314
92.6,1.2472061171670932,0.6553341212469855,-1.5479132031396823,0.1317212907678556,0.0967379687337211
92.65,1.2473466198000096,0.6496243682056843,-1.5444148709362688,0.1318490596729451,0.0966101981321334
92.7,1.2475071658354193,0.6439151436288661,-1.5408909847821877,0.1319882906100573,0.09647096532939
92.75,1.247687905682316,0.6382065227031961,-1.537339252254121,0.1321391938617064,0.0963200600209399
92.8,1.2478890026000011,0.6324985826888317,-1.5337573388700443,0.1323023238224595,0.096156927816322
92.85,1.2481106330265341,0.6267914031322444,-1.5301427992694305,0.1324781481690169,0.0959811010388462
92.9,1.2483529874757133,0.6210850661141695,-1.5264930945564132,0.1326671063712616,0.095792140206047
92.95,1.248616270662373,0.6153796564833637,-1.522805597939892,0.1328695643814794,0.0955896793406309
93.0,1.2489007023292684,0.6096752621331135,-1.5190776094358072,0.1330860338090344,0.0953732068155886
93.05,1.2492065171987325,0.6039719742517812,-1.5153063267364626,0.1333172850115943,0.0951419522719848
93.1,1.2495339661252407,0.5982698876479009,-1.5114887934625016,0.1335638665597226,0.0948953671184148
93.15,1.2498833166299645,0.592569101067713,-1.5076219435183709,0.1338264603196755,0.0946327694680422
93.2,1.2502548535389144,0.5868697175376911,-1.5037025744332075,0.1341058439239196,0.0943533816671361
93.25,1.25064887981243,0.5811718447421366,-1.4997273282075294,0.1344027816402532,0.0940564394233584
93.3,1.2510657173914188,0.5754755954289162,-1.4956926939858397,0.1347183621546916,0.0937408540343438
93.35,1.25150570798497,0.5697810878390402,-1.491594943173805,0.1350532848114105,0.0934059261138653
93.4,1.2519692146426897,0.564088446230031,-1.4874302073040506,0.1354089267591018,0.0930502784943842
93.45,1.2524566216412956,0.5583978013009945,-1.4831943424775786,0.1357861599010533,0.092673039220069
93.5,1.252968337583575,0.5527092909218326,-1.4788830304094802,0.1361863948431254,0.0922727976503104
93.55,1.253504794117377,0.5470230605330723,-1.4744916706901987,0.1366109926309479,0.0918481926984006
93.6,1.2540664502384027,0.5413392640903275,-1.4700153906969442,0.1370614636962649,0.0913977138859553
93.65,1.2546537908746516,0.5356580645369342,-1.465449015715913,0.1375395743780407,0.0909195948179244
93.7,1.255267331499656,0.5299796349217115,-1.4607870177599014,0.1380467235037202,0.0904124365804454
93.75,1.255907617270201,0.5243041590365091,-1.456023589067574,0.1385853026016156,0.0898738476085
93.8,1.2565752267679995,0.5186318326063611,-1.4511524435682623,0.1391574713663169,0.0893016681307779
93.85,1.257270773353679,0.5129628643175546,-1.4461668632447084,0.1397653503883234,0.088693777439155
93.9,1.2579949083335151,0.5072974771541926,-1.4410597059497918,0.1404114597206283,0.0880476553754892
93.95,1.258748322173787,0.5016359096036506,-1.4358233255152777,0.1410992396811605,0.0873598615508274
94.0,1.2595317485121988,0.495978417336125,-1.4304493877022446,0.1418312641841871,0.0866278218800457
94.05,1.260345967385902,0.4903252749463545,-1.42492904347183,0.1426113884488974,0.0858476810111338
94.1,1.2611918071993176,0.48467677766640194,-1.4192526727280539,0.1434434235681747,0.0850156276694735
94.15,1.2620701507551868,0.47903324385276913,-1.4134098931381838,0.1443313825060901,0.0841276486719314
94.2,1.2629819370130086,0.4733950170571091,-1.407389519754768,0.1452805342897901,0.083178474810387
94.25,1.2639281674439595,0.46776246903281865,-1.4011793138068278,0.1462959353278588,0.0821630494014853
94.3,1.2649099104728707,0.4621360027403833,-1.39476602521419,0.1473835459613843,0.0810754117986618
94.35,1.265928307169868,0.45651605587403765,-1.3881352117979182,0.148369469734457,0.0800894581155395
94.4,1.2669845775166877,0.45090310486535146,-1.381307210636026,0.1396733589574624,0.0887855839907299
94.45,1.268079622803984,0.44529758917079687,-1.376218433139353,0.1254033833366877,0.1030559802904931
94.5,1.2691929656851046,0.4396956682371222,-1.3739836928347335,0.1205741364475589,0.1078852242026097
94.55,1.2703130557600422,0.4340950925620728,-1.3727148016102386,0.1212116158055734,0.1072477416098452
94.6,1.271440611466729,0.42849601523875563,-1.3713184141906658,0.1218388013923277,0.1066205525385777
94.65,1.2725763382666504,0.4228985897247341,-1.3697965893052908,0.1224573053767723,0.106002044826942
94.7,1.2737209303185926,0.4173029703917808,-1.3681510632503078,0.123068497378629,0.1053908488554379
94.75,1.2748750723148996,0.41170931310844455,-1.3663832983979887,0.1236737407983299,0.1047856012223578
94.8,1.2760394406086237,0.406117775679043,-1.3644944844403912,0.1242743505011331,0.1041849870648489
94.85,1.2772147050309302,0.4005285184284468,-1.3624855480967628,0.1248715735279202,0.1035877593372112
94.9,1.2784015299038138,0.39494170462679373,-1.3603571666776921,0.12546646347314,0.1029928644351646
94.95,1.2796005756982534,0.38935750105774886,-1.3581098067738946,0.1260601637759723,0.1023991589149969
95.0,1.2808124996068868,0.3837760783656889,-1.3557437062877968,0.1266538201152104,0.1018054970942964
95.05,1.2820379573933576,0.37819761168783067,-1.3532588739857057,0.127248488984887,0.1012108224693633
95.1,1.283277603959899,0.3726222810241923,-1.3506551073341533,0.1278450472321985,0.1006142581748165
95.15,1.2845320949850938,0.3670502718569696,-1.347932028428415,0.1284444278909099,0.1000148711606604
95.2,1.2858020870789457,0.36148177545681653,-1.3450890727553901,0.129047794873266,0.0994114975113958
95.25,1.2870882395317482,0.3559169895632524,-1.3421254430192031,0.1296560372389281,0.0988032481482696
95.3,1.288391214968588,0.3503561188413455,-1.3390401641101373,0.1302699154541963,0.098189362576676
95.35,1.2897116804680941,0.3447993754660757,-1.3358321088223852,0.1308904225893379,0.0975688477143286
95.4,1.2910503079138693,0.3392469795482111,-1.3324999513348843,0.1315187183640649,0.0969405438294952
95.45,1.2924077756104015,0.33369915988602505,-1.3290421338814273,0.1321554015753003,0.096303852084916
95.5,1.2937847689823718,0.32815615453081254,-1.325456978932389,0.1328014261732597,0.095657818503952
95.55,1.2951819809213536,0.3226182112892636,-1.3217426181654581,0.1334578855890281,0.095001349640216
95.6,1.296600113248324,0.31708558853381047,-1.317896964570577,0.1341256140372335,0.0943336112469715
95.65,1.298039877341175,0.31155855584276826,-1.3139177642915507,0.1348055607016607,0.0936536541085142
95.7,1.2995019949914666,0.3060373947333179,-1.309802573632236,0.1354986845930798,0.0929605191771269
95.75,1.3009871992535984,0.30052239943261105,-1.3055487570906408,0.1362059562153378,0.0922532359117118
95.8,1.3024962352868008,0.2950138776896579,-1.3011534850602782,0.1369283591209417,0.0915308207181968
95.85,1.3040298611899412,0.28951215163121047,-1.2966137312200037,0.1376668913424379,0.0907922755221309
95.9,1.3055888488289882,0.2840175586645677,-1.291926269637973,0.138422624690673,0.09003652847307
95.95,1.3071739846565806,0.2785304524305617,-1.2870876600162127,0.139196771476578,0.0892623672172916
96.0,1.3087860706498795,0.27305120384766496,-1.282094219590284,0.1399900684327217,0.0884690549377045
96.05,1.3104259253806445,0.26758020226029766,-1.2769421182407823,0.1408037720447919,0.0876553351061949
96.1,1.3120943838504586,0.26211785627989265,-1.2716272745469226,0.1416393931359494,0.0868196968709689
96.15,1.3137922996318467,0.25666459538584424,-1.2661453049204245,0.1424977658337627,0.0859613059998225
96.2,1.3155205451842644,0.25122087106329055,-1.2604916589370305,0.1433800032084535,0.0850790493260715
96.25,1.3172800124340995,0.24578715809011376,-1.2546615635487923,0.1442875370458284,0.0841714950085514
96.3,1.3190716136156477,0.24036395598842272,-1.2486499593450646,0.1452218093214346,0.0832372010161846
96.35,1.3208962824475063,0.23495179068405295,-1.2424514985145396,0.1461840889448648,0.0822748983444452
96.4,1.3227549748864165,0.22955121613468113,-1.2360605794544977,0.1471754898218712,0.0812834729675347
96.45,1.324648669810521,0.2241628160396921,-1.229471377769064,0.1481979079317588,0.0802610288450248
96.5,1.3265783693152517,0.2187872055216041,-1.2226776898603906,0.1492525119725692,0.0792063971324793
96.55,1.3285451009405638,0.21342503362652138,-1.2156730783763816,0.1503407379609644,0.0781181416715759
96.6,1.3305499162504018,0.20807698464812877,-1.2084508187474428,0.1514642982817821,0.0769945499643237
96.65,1.3325938934633605,0.2027437810619513,-1.201003843915697,0.1526245449771793,0.0758342698319705
96.7,1.3346781364497524,0.19742618527403377,-1.193324816401176,0.153823734418996,0.0746350448277418
96.75,1.3368037763837124,0.19212500252812992,-1.1854059474420506,0.1550628093752326,0.0733959319418775
96.8,1.3389719724466376,0.1868410836571272,-1.1772392596987151,0.1563437368998557,0.0721149639672871
96.85,1.3411839104486347,0.18157532715625133,-1.168816382405458,0.1576683067751077,0.0707903509517287
96.9,1.3434408054393807,0.17632868309245098,-1.1601285868231204,0.1590379479968433,0.0694206636912424
96.95,1.34574389967507,0.17110215530379771,-1.1511668583925603,0.160454908896735,0.0680036537146617
97.0,1.3480944641469237,0.165896805322029,-1.141921732874353,0.1619203465553512,0.0665381636672493
97.05,1.350493797931258,0.1607137556213645,-1.1323835145855428,0.1634364430712341,0.0650220112733455
97.1,1.3529432270645967,0.15555419287131506,-1.122542071405754,0.1650046726445365,0.0634537220515264
97.15,1.3554441056209316,0.1504193724982738,-1.112386976346453,0.1666263791705418,0.0618319518060189
97.2,1.3579978126899066,0.14531062159161903,-1.1019075336100006,0.1683035214181806,0.060154741580314
97.25,1.3606057527103042,0.1402293436954901,-1.091092655626214,0.1700376729357482,0.058420517570215
97.3,1.3632693532137243,0.13517702265818834,-1.0799309400896606,0.1718295741077685,0.0566285389905324
97.35,1.3659900637981421,0.1301552274297751,-1.068410836577937,0.1736805534783833,0.054777477048646
97.4,1.3687693516237458,0.12516561532033904,-1.0565205289349633,0.1755921494914285,0.0528657931340341
97.45,1.3716087009466877,0.12020993775413054,-1.0442478932992236,0.1775644536303908,0.0508933953655241
97.5,1.3745096083767485,0.11529004404977905,-1.0315807874727374,0.1795980040494129,0.048859745286738
97.55,1.3774735788179642,0.11040788584428876,-1.0185069615964697,0.1816930283844097,0.0467646150058908
97.6,1.3805021209142845,0.105565521542063,-1.0050141202586176,0.1838490003887342,0.0446085304585911
97.65,1.383596741623307,0.10076512053872717,-0.9910900732656035,0.1860650123038066,0.0423923991482356
97.7,1.3867589394317923,0.09600896683540618,-0.9767228119500465,0.188340115576988,0.0401171694889556
97.75,1.3899901974321918,0.09129946275618807,-0.9619005173412432,0.1906717645812887,0.0377853867948423
97.8,1.3932919756857445,0.08663913238982203,-0.9466118795625985,0.1930570644361962,0.0353999458035293
97.85,1.3966657005480152,0.08203062297695404,-0.9308461676993317,0.19549348098661,0.0329633808310587
97.9,1.4001127557086444,0.07747670743213807,-0.9145931576837767,0.1979754170061869,0.0304812888208998
97.95,1.4036344715477456,0.07298028562452537,-0.897843744865248,0.2004975033853742,0.0279590389838505
98.0,1.4072321100605076,0.06854438188615841,-0.8805898984250956,0.2030539024641319,0.0254024694348419
98.05,1.4109068542932603,0.06417214550335316,-0.8628247551221666,0.2056366814116893,0.0228195132718543
98.1,1.4146597922759223,0.05986684620433838,-0.8445430383081831,0.2082360799933864,0.0202199309667911
98.15,1.4184919027325062,0.05563187010777843,-0.8257414234055236,0.2108428103737621,0.0176130112582202
98.2,1.4224040363175632,0.05147071043334427,-0.8064184434939694,0.2134451025911602,0.0150105248898583
98.25,1.4263969027616226,0.04738696201556126,-0.7865749857238392,0.2160292110741236,0.012426218246816
98.3,1.4304710490952564,0.0433843055672103,-0.7662146864411085,0.2185822299706632,0.0098729988001724
98.35,1.4346268450520925,0.03946649627047309,-0.7453437633240594,0.2210878882335977,0.0073671387947383
98.4,1.4388644648361202,0.03563734614608641,-0.7239716883801735,0.2235292650876705,0.0049255605038209
98.45,1.4431838697377382,0.031900703818956586,-0.7021113179217885,0.2258892231006495,0.0025654034282831
98.5,1.4475847922906442,0.02826043206778562,-0.6797789359545519,0.2281493853286573,0.000305046692359
98.55,1.4520667224694948,0.024720383471270695,-0.656994502090922,0.2302908722444557,-0.0018366279689158
98.6,1.4566288945313213,0.02128437202513537,-0.6337817520695849,0.23231204151063,-0.0038579760751872
98.65,1.4612702776114264,0.01795614417649557,-0.6101647503110031,0.2360192574288184,-0.0075653779068568
98.7,1.4659895901014504,0.014739379646816386,-0.5858062867774356,0.2398150680177352,-0.0113618606864911
98.75,1.4707875254498632,0.011641136781108742,-0.560688593907013,0.2401656263645449,-0.0117122954300049
98.8,1.4756623999909655,0.008665414017149788,-0.535500801727558,0.2385744279163152,-0.0101209451389601
98.85,1.480610264520051,0.005812694661429071,-0.5106312644220304,0.2366929976326714,-0.0082393373332268
98.9,1.4856270660487811,0.0030830199122216587,-0.4861380309254406,0.234544526145158,-0.0060906664203106
98.95,1.4907086922751605,0.0004759998394438629,-0.46207451166889374,0.2321545957606965,-0.0037005188465313
99.0,1.495851014767306,-0.0020091681978247527,-0.43848900020817094,0.2295519627569792,-0.0010976543875539
99.05,1.5010499288765375,-0.0043736763850984245,-0.4154240384937176,0.22676610522935,0.0016884453940145
99.1,1.5063013918307586,-0.006619074546509056,-0.392916272510184,0.2238261637275298,0.0046286362569388
99.15,1.5116014543491132,-0.008747239148695223,-0.3709965197631249,0.2207603193113524,0.0076947335012536
99.2,1.516946289078594,-0.010760336559848436,-0.3496899611821151,0.2175973260798704,0.0108579801633748
99.25,1.5223322124118535,-0.012660789582797429,-0.3290160265904655,0.2143627612193647,0.0140927960769375
99.3,1.5277557044536976,-0.014451235786757973,-0.3089890300762228,0.2110805568968822,0.0173752466768202
99.35,1.5332134202479617,-0.016134498147654424,-0.2896184990542166,0.2077749923184253,0.0206810513782258
99.4,1.538702200945648,-0.017713544977600203,-0.2709091049601966,0.204464250382953,0.0239920251834244
99.45,1.544219078671767,-0.019191458645101106,-0.2528618824402437,0.2011664774741109,0.027290020557732
99.5,1.5497612778083605,-0.020571408250504165,-0.2354742367486058,0.1978980441489313,0.0305586663676009
99.55,1.5553262151489,-0.021856618450584744,-0.21874029897047279,0.1946713660008006,0.033785546274812
99.6,1.5609114961587702,-0.023050346442989495,-0.202651716997874,0.1914984972692152,0.0369586058013154
99.65,1.5665149097760918,-0.0241558602591998,-0.187197727851084,0.1883875535632885,0.0400697289440278
99.7,1.5721344221323508,-0.025176417501345947,-0.1723659453891579,0.1853468873067365,0.0431105634827935
99.75,1.577768167879786,-0.026115253544823518,-0.1581423130067636,0.1823822216780183,0.0460753863848943
99.8,1.5834144427960348,-0.026975560900527787,-0.1445116294774512,0.1794970524917664,0.0489607019818303
99.85,1.5890716935279414,-0.02776048455496182,-0.1314579944264576,0.1766958576955608,0.0517620330067137
99.9,1.5947385090687312,-0.0284731075385571,-0.11896461195757291,0.1739798396795149,0.0544781774239659
99.95,1.6004136110593419,-0.02911644522822865,-0.107014445732018,0.1713507487037049,0.057107385495817
100.0,1.6060958445225597,-0.029693439418571103,-0.09559010941122921,0.1688079269301839,0.0596503153881374
100.05,1.6117841689415697,-0.030206952423354652,-0.0846743482570246,0.1663515944278709,0.0621067476376285
100.1,1.6174776491800453,-0.030659767574540905,-0.0742498635780003,0.1639809444010627,0.0644774895977053
100.15,1.6231754475667135,-0.03105458219639324,-0.0642995180976646,0.1616939147608086,0.0667646037954813
100.2,1.628876815570706,-0.03139401123335829,-0.0548065870011319,0.1594894894138969,0.0689691069461388
100.25,1.634581086565235,-0.03168058378564384,-0.045754548754356,0.1573654367161742,0.0710932311513552
100.3,1.6402876687046493,-0.03191674498799672,-0.0371273281978741,0.1553190616613343,0.0731396718119803
100.35,1.6459960384245065,-0.03210485587035497,-0.028909389212938702,0.1533484254109481,0.0751103682550642
100.4,1.651705734284642,-0.03224719678796936,-0.0210855834973504,0.1514509493333008,0.0770078995040744
100.45,1.6574163514275968,-0.03234596598437669,-0.013641278514427698,0.1496235415517836,0.078835357755832
100.5,1.6631275362842874,-0.032403284857661634,-0.006562460134832599,0.1478638989012673,0.0805950465888881
100.55,1.6688389818305267,-0.0324211980202979,0.00016442509640530057,0.1461694330278488,0.0822895547276532
100.6,1.6745504231644173,-0.0324016770459264,0.006552412926424801,0.1445376096678282,0.0839214167573683
100.65,1.6802616334652445,-0.03234662142245687,0.012614032217470799,0.1429653853073403,0.085493676438159
100.7,1.6859724202885784,-0.032257862383592364,0.0183612031043889,0.1414505458633187,0.0870085481441727
100.75,1.6916826221862686,-0.0321371652033875,0.0238054028763036,0.1399905901609956,0.0884685332960666
100.8,1.6973921056028303,-0.03198623128493326,0.028957608562796496,0.1385827671464964,0.0898763831497564
100.85,1.7031007620611616,-0.031806701239939936,0.033828246962470505,0.1372250516276568,0.0912341231323349
100.9,1.708808505602264,-0.031600157657330846,0.0384273398120026,0.1359151102739056,0.0925440867662759
100.95,1.714515270407452,-0.03136812661756099,0.042764442162765606,0.1346505970587835,0.0938086202416724
101.0,1.7202210087029601,-0.031112081242416986,0.0468486398444767,0.1334294685007231,0.0950297672081283
101.05,1.7259256887892436,-0.03083344330335891,0.050688609973736205,0.1322498618128069,0.0962093906111691
101.1,1.731629293302143,-0.0305335861344289,0.0542926570939,0.1311096158399094,0.0973496517292306
101.15,1.7373318175552328,-0.03021383587357552,0.0576686535049678,0.1300068777622564,0.098452403504697
101.2,1.7430332681583856,-0.02987547509283669,0.0608241009307238,0.1289400906653079,0.0995192029810327
101.25,1.748733661607291,-0.029519743366615267,0.0637661896991513,0.1279072438623837,0.1005520609389325
101.3,1.7544330231322012,-0.029147840251124574,0.06650170799149639,0.1269071098858945,0.1015522049555104
101.35,1.760131385585619,-0.028760926907330276,0.0690371984845348,0.125937946911003,0.1025213769305667
101.4,1.7658287884008625,-0.028360127310025664,0.0713788554825785,0.1249980185705906,0.1034613133020358
101.45,1.7715252767566831,-0.027946531055434515,0.073532526009434,0.1240863083979234,0.1043730306258266
101.5,1.7772209007227935,-0.027521194566711243,0.0755038537866436,0.1232014629652474,0.1052578823995337
101.55,1.7829157144770167,-0.02708514226763902,0.07729821184321499,0.1223420208145734,0.1061173301369839
101.6,1.7886097756551782,-0.026639368560911196,0.078920680910974,0.1215069605210158,0.1069523953222619
101.65,1.7943031447281836,-0.026184839250801936,0.0803761374308493,0.1206950259120767,0.1077643341776097
101.7,1.7999958844033297,-0.02572249252064606,0.0816692066042961,0.1199051503547737,0.1085542133830382
101.75,1.8056880591597282,-0.02525324089060437,0.0828043003014696,0.119136368342815,0.1093229984906433
101.8,1.8113797347205913,-0.024777971763065273,0.0837856372866868,0.1183875999618154,0.110071769453051
101.85,1.8170709776676648,-0.02429754914881596,0.08461722033756319,0.1176580450331057,0.1108013264881179
101.9,1.8227618550222284,-0.023812814471156414,0.085302892192062,0.1169467130592532,0.1115126601245016
101.95,1.8284524338874286,-0.02332458765281742,0.0858462974855371,0.1162527963492227,0.112206578085471
102.0,1.8341427811389737,-0.022833668350625523,0.0862509193119123,0.1155755202586211,0.1128838550434067
102.05,1.8398329630992114,-0.022340836623252522,0.08652008583343379,0.1149140955036245,0.1135452803077356
102.1,1.8455230452824365,-0.02184685408741248,0.0866569673530226,0.1142678414725656,0.1141915345156385
102.15,1.8512130921274257,-0.021352464615533955,0.08666459804871529,0.1136360519450552,0.1148233239086248
102.2,1.8569031667721818,-0.020858395241088713,0.08654587085235839,0.1130180924817626,0.1154412829455058
102.25,1.862593330837735,-0.020365356910964957,0.08630355180598409,0.1124133298377734,0.1160460448916915
102.3,1.8682836442310942,-0.019874045223776532,0.0859402803005923,0.1118212048846916,0.1166381688913893
102.35,1.8739741649672226,-0.019385141175885783,0.0854585838999225,0.1112411730867918,0.1172181994965012
102.4,1.8796649489925297,-0.018899311727376356,0.0848608812589516,0.110672652755738,0.1177867184098954
102.45,1.8853560500361122,-0.018417210511243023,0.0841494746935358,0.1101152084082498,0.1183441611282369
102.5,1.8910475194695981,-0.017939478480368615,0.0833265794215371,0.1095683567278132,0.1188910109800622
102.55,1.8967394061567673,-0.01746674428036469,0.0823943139963122,0.1090316394160379,0.1194277262761194
102.6,1.902431756346938,-0.016999625001961297,0.0813547053103041,0.1085046056641667,0.1199547578362623
102.65,1.9081246135422962,-0.0165387264934518,0.08020969009309449,0.1079868562489704,0.1204725048936331
102.7,1.9138180184095002,-0.01608464409272366,0.07896112522862819,0.1074780176882664,0.120981340938007
102.75,1.9195120086562067,-0.015637962818922366,0.07761079290365419,0.1069778765084409,0.1214814794473728
102.8,1.9252066189542552,-0.015199258042676238,0.07616043260976099,0.1064858644421991,0.12197348870427
102.85,1.930901880804994,-0.014769095309998518,0.0746116701835539,0.1060016309459219,0.1224577192590623
102.9,1.936597822537534,-0.0143480318176835,0.07296606135223979,0.1055251097647828,0.1229342373667146
102.95,1.942294469149083,-0.013936615738184104,0.07122514859204669,0.1050559478364237,0.1234033960955148
103.0,1.9479918422656097,-0.013535387044404618,0.06939040376613749,0.104593747161692,0.1238655934579524
103.05,1.9536899600453324,-0.013144877484808857,0.0674632191365115,0.1041381713812782,0.1243211658204831
103.1,1.9593888371531927,-0.012765611507990118,0.065444919692591,0.1036892597656308,0.1247700739079018
103.15,1.9650884846629213,-0.012398106094506227,0.0633368382783639,0.1032466613158567,0.1252126687252331
103.2,1.9707889099828608,-0.012042870822385778,0.061140237537426305,0.1028100773078822,0.1256492490081549
103.25,1.976490116826983,-0.011700408585739928,0.058856320367399,0.1023792989251912,0.1260800235772316
103.3,1.9821921051391018,-0.011371215538473603,0.056486247902195,0.101954214891805,0.1265051037070667
103.35,1.9878948710551307,-0.011055781605387177,0.0540311590206688,0.1015348143756471,0.1269245002279467
103.4,1.993598406823049,-0.01075459020064203,0.0514921904354388,0.1011204692047901,0.1273388413344135
103.45,1.999302700760627,-0.010468118507030895,0.0488703532224765,0.1007113252448302,0.1277479811506832
103.5,2.0050077372536275,-0.010196838600414487,0.046166687631891204,0.1003074628682618,0.1281518392982029
103.55,2.01071349662749,-0.009941215960435859,0.0433822499888971,0.0999081703053892,0.1285511275724012
103.6,2.016419955160766,-0.009701710741779154,0.040517954262195906,0.0995137780521901,0.1289455154640756
103.65,2.0221270850461877,-0.009478778090200292,0.037574780521007406,0.0991240314102888,0.129335257675705
103.7,2.0278348543011084,-0.009272867032623765,0.034553657894465704,0.0987387604288449,0.1297205241649948
103.75,2.0335432267894427,-0.009084422126524785,0.0314554815208508,0.0983580504963104,0.1301012295409629
103.8,2.039252162133686,-0.008913882154036138,0.0282811636163855,0.0979816099653227,0.1304776654689017
103.85,2.044961615715059,-0.008761681186230292,0.0250315580660276,0.0976091536955522,0.1308501170975557
103.9,2.0506715386241794,-0.008628248135671878,0.0217074617258273,0.0972411815271426,0.131218084551728
103.95,2.056381877651542,-0.00851400780396228,0.0183097714233687,0.0968774875315748,0.1315817737729744
104.0,2.0620925752112553,-0.008419378638883224,0.0148393427992288,0.0965174249709372,0.1319418315360871
104.05,2.0678035693701444,-0.008344775391878608,0.0112969021427138,0.0961615561075353,0.1322976955506077
104.1,2.073514793794318,-0.00829060788000847,0.0076832881984065,0.0958098989582895,0.1326493478004161
104.15,2.079226177729454,-0.008257280879735575,0.0039993433141939,0.095461600269011,0.1329976415840274
104.2,2.0849376459866553,-0.008245194129925124,0.0002457391826922008,0.09511745847194,0.133341778418278
104.25,2.0906491189246266,-0.008254744214298275,-0.0035766928119415997,0.0947775474978057,0.1336816843673521
104.3,2.0963605124332365,-0.008286320789007803,-0.007467106498896099,0.0944410037243271,0.134018223111689
104.35,2.102071737924002,-0.008340310118497233,-0.0114248284376323,0.0941085356591473,0.1343506861214667
104.4,2.1077827023199167,-0.008417093443324713,-0.015449043483864201,0.0962755545448772,0.1321836621740225
104.45,2.113493308055464,-0.008517046922605895,-0.0190398542467788,0.1066311468574346,0.1218282143011706
104.5,2.119203577238345,-0.008634841965618947,-0.0205595609911524,0.1152585733416535,0.1132008016105093
104.55,2.124913856751922,-0.008752151935495792,-0.020353783818038,0.1158442115498101,0.1126151634490361
104.6,2.1306241742762055,-0.008867596889478175,-0.0200308790079606,0.1158079352323232,0.1126514398101469
104.65,2.136334528361148,-0.008981219081749401,-0.0197152294657429,0.115773067137649,0.1126863079470507
104.7,2.1420449176299754,-0.009093059094783824,-0.019406553546683098,0.1157392757026156,0.1127200994209612
104.75,2.147755340773636,-0.00920315596807536,-0.0191046359185177,0.1157065905398384,0.1127527846211552
104.8,2.153465796536257,-0.00931154782659816,-0.0188092553266494,0.1156750729995406,0.1127843021964331
104.85,2.1591762837262167,-0.009418271184571907,-0.0185201782463386,0.1156444631836324,0.1128149120455388
104.9,2.1648868012033478,-0.009523361501436173,-0.0182372231325293,0.1156149053449904,0.112844469915853
104.95,2.1705973478763614,-0.009626853219416993,-0.0179601795896155,0.1155862716009865,0.112873103689558
105.0,2.1763079227076108,-0.00972877939635104,-0.0176888627984727,0.1155584697870523,0.112900905531424
105.05,2.182018524699405,-0.009829172364874628,-0.0174231063729098,0.1155315545091233,0.1129278208366187
105.1,2.187729152900469,-0.009928063283668034,-0.0171627330056594,0.1155055303706057,0.1129538450008932
105.15,2.193439806398605,-0.01002548246139717,-0.0169075644686881,0.1154802105649361,0.1129791648311451
105.2,2.1991504843249774,-0.01012145902217391,-0.016657459895309,0.1154555891571959,0.113003786261703
105.25,2.204861185839831,-0.010216021666740526,-0.0164122796057597,0.1154317935581223,0.1130275818828046
105.3,2.2105719101438686,-0.01030919792477375,-0.016171858438228,0.1154086138027762,0.1130507616589471
105.35,2.216282656469329,-0.010401014611480262,-0.015936073223845,0.1153861289149989,0.1130732465669842
105.4,2.221993424078588,-0.010491497850560774,-0.0157047849890436,0.1153642555109946,0.1130951199899745
105.45,2.2277042122662833,-0.010580672870679413,-0.015477871436941598,0.1153429919062094,0.1131163836133613
105.5,2.2334150203521346,-0.010668564399418611,-0.015255210607656701,0.1153223748026395,0.1131370007344868
105.55,2.2391258476860427,-0.010755196273125323,-0.0150366732008415,0.1153022622990079,0.1131571132546271
105.6,2.2448366936424375,-0.010840591743181633,-0.0148221582964034,0.1152826390452797,0.1131767365236631
105.65,2.2505475576192104,-0.010924773493842646,-0.014611568044241699,0.1152636159039396,0.113195759680258
105.7,2.2562584390367424,-0.011007763659426935,-0.0144047824218736,0.1152450795424482,0.1132142960562697
105.75,2.2619693373410135,-0.011089583553843225,-0.0142017040732557,0.1152269889833887,0.1132323866288023
105.8,2.2676802519952135,-0.011170254199921206,-0.0140022438377971,0.1152094218060852,0.1132499538197928
105.85,2.2733911824853843,-0.011249795893656113,-0.0138062970391678,0.1151922589282651,0.1132671167101663
105.9,2.2791021283160062,-0.01132822846271813,-0.013613782817357898,0.1151754994087182,0.113283876241725
105.95,2.284813089009291,-0.01140557127994166,-0.0134246205006586,0.1151592478517753,0.113300127810724
106.0,2.290524064104784,-0.01148184325196254,-0.0132387084965535,0.1151433448249043,0.1133160308485846
106.05,2.296235053161782,-0.011557062591600364,-0.0130559770989215,0.115127771291762,0.1133316043924484
106.1,2.3019460557509976,-0.011631247409659035,-0.0128763604089902,0.1151126589288834,0.1133467167654729
